Force_f,Average_r,Average_n,Std_r,Std_n
0.0,0.0,0.0,0.0,0.0
0.01001001001001001,0.32360558075420337,0.0,0.01821839742841759,0.0
0.02002002002002002,0.6472111615084067,0.0,0.03643679485683518,0.0
0.03003003003003003,0.97081674226261,0.0,0.05465519228525276,0.0
0.04004004004004004,1.2944223230168135,0.0,0.07287358971367036,0.0
0.050050050050050046,1.6180279037710161,0.0,0.09109198714208792,0.0
0.06006006006006006,1.94163348452522,0.0,0.10931038457050551,0.0
0.07007007007007007,2.265239065279423,0.0,0.12752878199892315,0.0
0.08008008008008008,2.588844646033627,0.0,0.14574717942734072,0.0
0.09009009009009009,2.91245022678783,0.0,0.16396557685575835,0.0
0.10010010010010009,3.2360558075420323,0.0,0.18218397428417585,0.0
0.11011011011011011,3.5380701260395084,0.0,0.1991868246767621,0.0
0.12012012012012012,3.8379253183113122,0.0,0.21606812036576634,0.0
0.13013013013013014,4.13778051058311,0.0,0.2329494160547717,0.0
0.14014014014014015,4.437635702854912,0.0,0.24983071174377788,0.0
0.15015015015015015,4.737490895126715,0.0,0.2667120074327847,0.0
0.16016016016016016,5.037346087398515,0.0,0.2835933031217922,0.0
0.17017017017017017,5.337201279670317,0.0,0.3004745988108001,0.0
0.18018018018018017,5.637056471942118,0.0,0.3173558944998082,0.0
0.19019019019019018,5.936911664213921,0.0,0.33423719018881687,0.0
0.20020020020020018,6.236766856485722,0.0,0.3511184858778257,0.0
0.21021021021021022,6.516708735460274,0.0,0.36687869517092636,0.0
0.22022022022022023,6.7922254337021055,0.0,0.38238977415382613,0.0
0.23023023023023023,7.067742131943941,0.0,0.3979008531367266,0.0
0.24024024024024024,7.343258830185777,0.0,0.4134119321196278,0.0
0.2502502502502503,7.618775528427612,0.0,0.4289230111025296,0.0
0.2602602602602603,7.8942922266694415,0.0,0.44443409008543233,0.0
0.2702702702702703,8.169808924911278,0.0,0.45994516906833527,0.0
0.2802802802802803,8.445325623153105,0.0,0.4754562480512387,0.0
0.2902902902902903,8.720842321394938,0.0,0.49096732703414253,0.0
0.3003003003003003,8.99635901963677,0.0,0.506478406017047,0.0
0.3103103103103103,9.254249038125858,0.0,0.52099713942927,0.0
0.3203203203203203,9.505529051707665,0.0,0.535143743252488,0.0
0.3303303303303303,9.756809065289472,0.0,0.5492903470757067,0.0
0.34034034034034033,10.008089078871274,0.0,0.5634369508989255,0.0
0.35035035035035034,10.259369092453085,0.0,0.5775835547221453,0.0
0.36036036036036034,10.510649106034892,0.0,0.5917301585453649,0.0
0.37037037037037035,10.761929119616704,0.0,0.6058767623685853,0.0
0.38038038038038036,11.013209133198506,0.0,0.6200233661918059,0.0
0.39039039039039036,11.264489146780308,0.0,0.6341699700150268,0.0
0.40040040040040037,11.515769160362117,0.0,0.6483165738382479,0.0
0.41041041041041043,11.752103048164109,0.0,0.6616217372470319,0.0
0.42042042042042044,11.979896292663351,0.0,0.6744460775618516,0.0
0.43043043043043044,12.20768953716258,0.0,0.6872704178766712,0.0
0.44044044044044045,12.435482781661829,0.0,0.7000947581914909,0.0
0.45045045045045046,12.66327602616106,0.0,0.7129190985063111,0.0
0.46046046046046046,12.89106927066031,0.0,0.7257434388211311,0.0
0.47047047047047047,13.11886251515955,0.0,0.7385677791359511,0.0
0.4804804804804805,13.346655759658786,0.0,0.7513921194507714,0.0
0.4904904904904905,13.574449004158021,0.0,0.7642164597655917,0.0
0.5005005005005005,13.80224224865726,0.0,0.7770408000804122,0.0
0.5105105105105106,14.01792178659884,0.0,0.7891831595894742,0.0
0.5205205205205206,14.223506569075694,0.0,0.8007572017604045,0.0
0.5305305305305306,14.429091351552554,0.0,0.8123312439313345,0.0
0.5405405405405406,14.63467613402942,0.0,0.823905286102265,0.0
0.5505505505505506,14.840260916506274,0.0,0.8354793282731955,0.0
0.5605605605605606,15.045845698983133,0.0,0.8470533704441259,0.0
0.5705705705705706,15.251430481459987,0.0,0.8586274126150564,0.0
0.5805805805805806,15.457015263936844,0.0,0.8702014547859873,0.0
0.5905905905905906,15.662600046413713,0.0,0.881775496956918,0.0
0.6006006006006006,15.868184828890564,0.0,0.8933495391278489,0.0
0.6106106106106106,16.064422427410147,0.0,0.9043973536114506,0.0
0.6206206206206206,16.249443405181037,0.0,0.914813694870258,0.0
0.6306306306306306,16.434464382951912,0.0,0.925230036129065,0.0
0.6406406406406406,16.619485360722795,0.0,0.9356463773878724,0.0
0.6506506506506506,16.804506338493677,0.0,0.9460627186466805,0.0
0.6606606606606606,16.98952731626456,0.0,0.9564790599054885,0.0
0.6706706706706707,17.174548294035432,0.0,0.9668954011642973,0.0
0.6806806806806807,17.359569271806322,0.0,0.9773117424231054,0.0
0.6906906906906907,17.544590249577197,0.0,0.9877280836819143,0.0
0.7007007007007007,17.729611227348077,0.0,0.9981444249407233,0.0
0.7107107107107107,17.90784094941171,0.0,1.0081712711275683,0.0
0.7207207207207207,18.074185973987632,0.0,1.0175166254152928,0.0
0.7307307307307307,18.240530998563568,0.0,1.0268621583417947,0.0
0.7407407407407407,18.4068760231395,0.0,1.0362078650736575,0.0
0.7507507507507507,18.573221047715425,0.0,1.0455537409501912,0.0
0.7607607607607607,18.790963345668516,0.01,1.1548009533186283,0.09949874371066199
0.7707707707707707,18.95770098671432,0.01,1.1649592291278337,0.09949874371066199
0.7807807807807807,19.124416040407926,0.01,1.1750258604416948,0.09949874371066199
0.7907907907907907,19.291098967711534,0.01,1.1849623927827602,0.09949874371066199
0.8008008008008007,19.457773633943397,0.01,1.194865889187871,0.09949874371066199
0.8108108108108109,19.61994029503562,0.01,1.2045658537385577,0.09949874371066199
0.8208208208208209,19.82663377196318,0.02,1.338279106441152,0.13999999999999993
0.8308308308308309,19.977195944268768,0.02,1.3486426625572974,0.13999999999999993
0.8408408408408409,20.127706769839957,0.02,1.3589019473245594,0.13999999999999993
0.8508508508508509,20.27819347957469,0.02,1.3691326641086623,0.13999999999999993
0.8608608608608609,20.549293418558946,0.04,1.5553394223874448,0.1959591794226541
0.8708708708708709,20.70034437564726,0.04,1.5663712155696472,0.1959591794226541
0.8808808808808809,20.85137308624316,0.04,1.577325076694234,0.1959591794226541
0.8908908908908909,21.00233364650124,0.04,1.5881829923100657,0.1959591794226541
0.9009009009009009,21.217547800005477,0.05,1.732913398510898,0.2179449471770337
0.9109109109109109,21.43135737531816,0.06,1.8556242904956115,0.23748684174075801
0.9209209209209209,21.56847720029313,0.06,1.8673501818676537,0.23748684174075801
0.9309309309309309,21.705597025268098,0.06,1.8790764874592594,0.23748684174075801
0.9409409409409409,21.84270155096162,0.06,1.8908052360811447,0.23748684174075801
0.950950950950951,22.049062443649717,0.07,2.01489151683587,0.25514701644346155
0.960960960960961,22.18653110335306,0.07,2.027352565098179,0.25514701644346155
0.970970970970971,22.39534963671484,0.08,2.0599208291616313,0.2712931993250109
0.980980980980981,22.605803490124217,0.09,2.1561655228106,0.28618176042508375
0.990990990990991,22.817909161471707,0.1,2.265813645874021,0.29999999999999977
1.001001001001001,23.106897931233483,0.12,2.4138935502373515,0.3249615361854386
1.011011011011011,23.244919817411304,0.12,2.427422962381525,0.3249615361854386
1.021021021021021,23.449960625729222,0.12999998311726124,2.508439200381137,0.33630339074125154
1.031031031031031,23.735704796599013,0.14999991258894094,2.8273272174065065,0.3840568663360125
1.0410410410410411,24.105815056426135,0.18,3.0431505785282185,0.4093897898091748
1.0510510510510511,24.316467252352837,0.19,3.0972222587803317,0.4170131892398609
1.0610610610610611,24.612650921739636,0.21,3.2157877665069834,0.43116122274620217
1.0710710710710711,25.166783649690284,0.2599998810657057,3.586073554582321,0.4820786491628154
1.0810810810810811,25.557720869818432,0.28999999072211413,3.653908017443635,0.4958830374447288
1.0910910910910911,25.778141011893737,0.3,3.735321254679359,0.4999999999999998
1.1011011011011012,26.000552966910917,0.31,3.8421826159735257,0.5038849074937647
1.1111111111111112,26.315012982843154,0.33,4.0545188448878795,0.5301886456724622
1.1211211211211212,26.625057171489424,0.34999996001435035,4.3532264304078385,0.5545267063429087
1.1311311311311312,26.845250694200587,0.35999992662715513,4.46431047743557,0.5571354468020248
1.1411411411411412,27.450527887074905,0.41,4.5870270488283005,0.5673623181001712
1.1511511511511512,28.555215098754125,0.51,5.382198654064272,0.6402343321003646
1.1611611611611612,29.68545939983103,0.61,5.668255483926963,0.6617401302626283
1.1711711711711712,30.5327136593939,0.68,5.866646847993743,0.6764613810115108
1.1811811811811812,31.807860938867293,0.79,5.7840647361649395,0.6677574409918619
1.1911911911911912,32.77679793500923,0.8681981981981539,5.9899711121809,0.685090746114271
1.2012012012012012,33.479856016027234,0.92,5.939127493051332,0.6734983296193094
1.2112112112112112,34.812735128408555,1.0277477477477603,6.728026472993865,0.7414427331329773
1.2212212212212212,37.00078909159311,1.21,7.7061668780973775,0.8036790404135221
1.2312312312312312,38.07170716062027,1.29,7.908936616402826,0.816026960338934
1.2412412412412412,39.74389904690032,1.42,9.732770727011877,0.961041102138717
1.2512512512512513,41.455710758945536,1.55,10.632467342048987,1.0331989159885913
1.2612612612612613,43.81462827489577,1.73,11.27064358186384,1.0756858277396797
1.2712712712712713,46.473426575418195,1.929999990033906,12.493159349429837,1.1683749420051999
1.2812812812812813,49.342057954254,2.1411711710947094,12.91319278535645,1.2000866071351086
1.2912912912912913,53.15846734634893,2.42,13.399458615181844,1.2262136844775464
1.3013013013013013,56.695052327423994,2.6707207206105776,14.399223265146814,1.3039116759824951
1.3113113113113113,60.70201950435188,2.9499999744685166,15.445538678133797,1.3665649906971695
1.3213213213213213,63.9897638062423,3.169999919846967,15.804484863443093,1.378803825926811
1.3313313313313313,69.00351240820198,3.505044862023249,16.139304317407863,1.3918996155325594
1.3413413413413413,74.30726900051195,3.8499997398959214,16.130086265399818,1.3592276805687697
1.3513513513513513,81.01443134038617,4.27999975589594,19.00183598346206,1.5104963129050204
1.3613613613613613,87.29644059320206,4.669368965393002,19.89853986882716,1.536464384460019
1.3713713713713713,94.86684147922232,5.129999437650788,21.27108455090974,1.610310389722649
1.3813813813813813,103.77581758603532,5.659999414603897,20.639022284013137,1.5245982950560812
1.3913913913913913,115.45786209278148,6.339998695784941,21.280186700966965,1.524598426767881
1.4014014014014013,124.0713992008734,6.819998664399815,20.05345997347871,1.4168980701612184
1.4114114114114114,133.27009201356952,7.319999275441105,20.98483167140778,1.4274452641892323
1.4214214214214214,141.24502786736616,7.736034377725682,20.812919485240304,1.3678838381813707
1.4314314314314314,148.6883796098233,8.109999116362053,19.109646436988147,1.2401210206307631
1.4414414414414414,157.43000431139683,8.539998692110638,17.86140391409858,1.0901373372419192
1.4514514514514514,165.28900367985167,8.912341575797953,16.404880507332223,0.8934088678432991
1.4614614614614614,172.85758643529167,9.257116442848906,15.802567297481804,0.7930673580136915
1.4714714714714714,179.3509249570516,9.539999830876733,15.750199987777805,0.6988560970670976
1.4814814814814814,183.6197046844645,9.709999661491675,13.838086913248004,0.5530822720785937
1.4914914914914914,187.3308228048895,9.849999765458861,12.330666484258263,0.38405719579190434
1.5015015015015014,189.29277524687362,9.90999989958573,11.234200909190477,0.31921776568012944
1.5115115115115114,191.31388626040518,9.96999992462914,11.244109157170813,0.170587207838265
1.5215215215215214,192.61359090522,10.0,10.844045296260425,0.0
1.5315315315315314,193.14241329408756,10.0,10.874132922658434,0.0
1.5415415415415414,193.67111779968457,10.0,10.904144435326982,0.0
1.5515515515515514,194.19958039632132,10.0,10.933998365089204,0.0
1.5615615615615615,194.72804299295822,10.0,10.963852377231463,0.0
1.5715715715715715,195.25619447424134,10.0,10.993503135983861,0.0
1.5815815815815815,195.78413056797177,10.0,11.023013439654962,0.0
1.5915915915915915,196.31206666170223,10.0,11.05252411626514,0.0
1.6016016016016015,196.84000275543266,10.0,11.082035162835064,0.0
1.6116116116116117,197.36793884916327,10.0,11.111546576417023,0.0
1.6216216216216217,197.87252979263445,10.0,11.139858593427157,0.0
1.6316316316316317,198.35766644422307,10.0,11.16717089231086,0.0
1.6416416416416417,198.8428030958118,10.0,11.194483191194564,0.0
1.6516516516516517,199.32793974740048,10.0,11.221795490078268,0.0
1.6616616616616617,199.81307639898915,10.0,11.249107788961975,0.0
1.6716716716716717,200.29821305057786,10.0,11.276420087845683,0.0
1.6816816816816818,200.78334970216645,10.0,11.303732386729385,0.0
1.6916916916916918,201.26848635375507,10.0,11.331044685613094,0.0
1.7017017017017018,201.7536230053439,10.0,11.358356984496798,0.0
1.7117117117117118,202.23875965693244,10.0,11.385669283380505,0.0
1.7217217217217218,202.7065254932919,10.0,11.412003639168942,0.0
1.7317317317317318,203.153446351376,10.0,11.437164463243054,0.0
1.7417417417417418,203.60036720946005,10.0,11.46232528731717,0.0
1.7517517517517518,204.04728806754437,10.0,11.487486111391277,0.0
1.7617617617617618,204.49420892562853,10.0,11.512646935465392,0.0
1.7717717717717718,204.9411297837126,10.0,11.537807759539504,0.0
1.7817817817817818,205.3880506417967,10.0,11.562968583613614,0.0
1.7917917917917918,205.83497149988082,10.0,11.588129407687727,0.0
1.8018018018018018,206.28189235796484,10.0,11.613290231761844,0.0
1.8118118118118118,206.728813216049,10.0,11.638451055835956,0.0
1.8218218218218218,207.1633911259692,10.0,11.662916993978225,0.0
1.8318318318318318,207.57636887660246,10.0,11.686166881739757,0.0
1.8418418418418419,207.9893466272358,10.0,11.709416769501292,0.0
1.8518518518518519,208.402324377869,10.0,11.732666657262822,0.0
1.8618618618618619,208.81530212850234,10.0,11.755916545024357,0.0
1.8718718718718719,209.22827987913556,10.0,11.779166432785889,0.0
1.8818818818818819,209.64125762976883,10.0,11.80241632054742,0.0
1.8918918918918919,210.05423538040202,10.0,11.82566620830896,0.0
1.901901901901902,210.46721313103544,10.0,11.848916096070493,0.0
1.911911911911912,210.88019088166857,10.0,11.872165983832028,0.0
1.921921921921922,211.28492071077093,10.0,11.89495152687045,0.0
1.931931931931932,211.66765608245714,10.0,11.916498817313892,0.0
1.941941941941942,212.0503914541433,10.0,11.938046107757348,0.0
1.951951951951952,212.43312682582967,10.0,11.959593398200797,0.0
1.961961961961962,212.8158621975159,10.0,11.981140688644244,0.0
1.971971971971972,213.1985975692022,10.0,12.002687979087694,0.0
1.981981981981982,213.58133294088847,10.0,12.024235269531145,0.0
1.991991991991992,213.9640683125747,10.0,12.045782559974596,0.0
2.002002002002002,214.34680368426092,10.0,12.067329850418043,0.0
2.012012012012012,214.72953905594724,10.0,12.088877140861497,0.0
2.022022022022022,215.10735972602666,10.0,12.11014774451625,0.0
2.032032032032032,215.46306423887552,10.0,12.13017325762187,0.0
2.042042042042042,215.81876875172395,10.0,12.150198770727489,0.0
2.052052052052052,216.17447326457267,10.0,12.170224283833113,0.0
2.062062062062062,216.53017777742141,10.0,12.190249796938735,0.0
2.0720720720720722,216.8858822902701,10.0,12.210275310044358,0.0
2.0820820820820822,217.24158680311885,10.0,12.230300823149982,0.0
2.0920920920920922,217.59729131596734,10.0,12.250326336255597,0.0
2.1021021021021022,217.95299582881609,10.0,12.270351849361223,0.0
2.1121121121121122,218.30870034166483,10.0,12.290377362466844,0.0
2.1221221221221223,218.66220139967245,10.0,12.31027882432727,0.0
2.1321321321321323,218.99366790927058,10.0,12.328939773735753,0.0
2.1421421421421423,219.32513441886857,10.0,12.347600723144234,0.0
2.1521521521521523,219.65660092846647,10.0,12.366261672552714,0.0
2.1621621621621623,219.98806743806446,10.0,12.384922621961193,0.0
2.1721721721721723,220.31953394766242,10.0,12.403583571369671,0.0
2.1821821821821823,220.6510004572605,10.0,12.422244520778156,0.0
2.1921921921921923,220.98246696685845,10.0,12.440905470186639,0.0
2.2022022022022023,221.31393347645658,10.0,12.459566419595122,0.0
2.2122122122122123,221.64539998605431,10.0,12.478227369003603,0.0
2.2222222222222223,221.9768664956524,10.0,12.496888318412095,0.0
2.2322322322322323,222.28653073361718,10.0,12.514321848093672,0.0
2.2422422422422423,222.5961949715821,10.0,12.531755377775262,0.0
2.2522522522522523,222.9058592095467,10.0,12.549188907456847,0.0
2.2622622622622623,223.2155234475114,10.0,12.566622437138442,0.0
2.2722722722722724,223.5251876854763,10.0,12.584055966820028,0.0
2.2822822822822824,223.8348519234412,10.0,12.601489496501618,0.0
2.2922922922922924,224.14451616140602,10.0,12.618923026183205,0.0
2.3023023023023024,224.4541803993708,10.0,12.636356555864793,0.0
2.3123123123123124,224.76384463733567,10.0,12.653790085546387,0.0
2.3223223223223224,225.0735088753005,10.0,12.671223615227975,0.0
2.3323323323323324,225.36528906959222,10.0,12.687650300332866,0.0
2.3423423423423424,225.65528085951675,10.0,12.703976300980083,0.0
2.3523523523523524,225.94527264944102,10.0,12.720302301627301,0.0
2.3623623623623624,226.23526443936564,10.0,12.736628302274523,0.0
2.3723723723723724,226.52525622929002,10.0,12.752954302921736,0.0
2.3823823823823824,226.8152480192144,10.0,12.76928030356896,0.0
2.3923923923923924,227.1052398091389,10.0,12.785606304216182,0.0
2.4024024024024024,227.39523159906344,10.0,12.8019323048634,0.0
2.4124124124124124,227.6852233889879,10.0,12.818258305510618,0.0
2.4224224224224224,227.97521517891238,10.0,12.83458430615784,0.0
2.4324324324324325,228.25063980237937,10.0,12.850090204901484,0.0
2.4424424424424425,228.52282727774468,10.0,12.865413858777647,0.0
2.4524524524524525,228.79501475310985,10.0,12.880737512653821,0.0
2.4624624624624625,229.06720222847525,10.0,12.896061166529991,0.0
2.4724724724724725,229.3393897038405,10.0,12.911384820406171,0.0
2.4824824824824825,229.61157717920588,10.0,12.926708474282343,0.0
2.4924924924924925,229.88376465457117,10.0,12.942032128158514,0.0
2.5025025025025025,230.1559521299365,10.0,12.95735578203469,0.0
2.5125125125125125,230.42813960530177,10.0,12.972679435910866,0.0
2.5225225225225225,230.7003270806671,10.0,12.988003089787039,0.0
2.5325325325325325,230.9607612354755,10.0,13.00266505467948,0.0
2.5425425425425425,231.21678789507496,10.0,13.017078886203027,0.0
2.5525525525525525,231.4728145546746,10.0,13.031492717726575,0.0
2.5625625625625625,231.7288412142741,10.0,13.045906549250118,0.0
2.5725725725725725,231.98486787387364,10.0,13.060320380773662,0.0
2.5825825825825826,232.2408945334732,10.0,13.074734212297214,0.0
2.5925925925925926,232.49692119307275,10.0,13.089148043820755,0.0
2.6026026026026026,232.75294785267232,10.0,13.103561875344301,0.0
2.6126126126126126,233.0089745122719,10.0,13.117975706867849,0.0
2.6226226226226226,233.26500117187143,10.0,13.132389538391394,0.0
2.6326326326326326,233.511666619971,10.0,13.1462763487556,0.0
2.6426426426426426,233.75298280435644,10.0,13.159862004171615,0.0
2.6526526526526526,233.99429898874158,10.0,13.173447659587625,0.0
2.6626626626626626,234.2356151731269,10.0,13.18703331500364,0.0
2.6726726726726726,234.47693135751243,10.0,13.200618970419649,0.0
2.6826826826826826,234.71824754189774,10.0,13.214204625835663,0.0
2.6926926926926926,234.95956372628302,10.0,13.227790281251677,0.0
2.7027027027027026,235.20087991066833,10.0,13.24137593666769,0.0
2.7127127127127126,235.44219609505362,10.0,13.254961592083705,0.0
2.7227227227227226,235.683512279439,10.0,13.268547247499718,0.0
2.7327327327327327,235.91750476516248,10.0,13.281720593076754,0.0
2.7427427427427427,236.1453941686679,10.0,13.29455034712131,0.0
2.7527527527527527,236.37328357217325,10.0,13.307380101165867,0.0
2.7627627627627627,236.60117297567868,10.0,13.32020985521042,0.0
2.7727727727727727,236.82906237918425,10.0,13.333039609254977,0.0
2.7827827827827827,237.05695178268954,10.0,13.345869363299535,0.0
2.7927927927927927,237.28484118619483,10.0,13.358699117344086,0.0
2.8028028028028027,237.51273058970025,10.0,13.371528871388648,0.0
2.8128128128128127,237.74061999320574,10.0,13.3843586254332,0.0
2.8228228228228227,237.96850939671108,10.0,13.397188379477754,0.0
2.8328328328328327,238.19081371106856,10.0,13.409703704541522,0.0
2.8428428428428427,238.40641591844832,10.0,13.42184171482833,0.0
2.8528528528528527,238.62201812582833,10.0,13.43397972511514,0.0
2.8628628628628627,238.83762033320815,10.0,13.446117735401952,0.0
2.8728728728728727,239.05322254058797,10.0,13.458255745688767,0.0
2.8828828828828827,239.26882474796784,10.0,13.470393755975575,0.0
2.8928928928928928,239.4844269553475,10.0,13.48253176626239,0.0
2.9029029029029028,239.70002916272747,10.0,13.4946697765492,0.0
2.9129129129129128,239.9156313701074,10.0,13.506807786836013,0.0
2.9229229229229228,240.13123357748714,10.0,13.518945797122825,0.0
2.932932932932933,240.34273673674824,10.0,13.530853034730926,0.0
2.942942942942943,240.54706656180144,10.0,13.54235642015129,0.0
2.952952952952953,240.7513963868547,10.0,13.55385980557165,0.0
2.962962962962963,240.9557262119079,10.0,13.565363190992011,0.0
2.972972972972973,241.16005603696104,10.0,13.576866576412371,0.0
2.982982982982983,241.36438586201425,10.0,13.588369961832733,0.0
2.992992992992993,241.56871568706754,10.0,13.599873347253096,0.0
3.003003003003003,241.7730455121207,10.0,13.611376732673454,0.0
3.013013013013013,241.9773753371739,10.0,13.622880118093823,0.0
3.023023023023023,242.1817051622271,10.0,13.63438350351418,0.0
3.033033033033033,242.38320780661516,10.0,13.645727725804054,0.0
3.043043043043043,242.57717130256253,10.0,13.656647513079285,0.0
3.053053053053053,242.77113479850996,10.0,13.667567300354513,0.0
3.063063063063063,242.96509829445725,10.0,13.678487087629744,0.0
3.073073073073073,243.1590617904047,10.0,13.68940687490498,0.0
3.083083083083083,243.35302528635216,10.0,13.700326662180208,0.0
3.093093093093093,243.54698878229945,10.0,13.711246449455443,0.0
3.103103103103103,243.74095227824685,10.0,13.72216623673067,0.0
3.113113113113113,243.9349157741942,10.0,13.733086024005903,0.0
3.123123123123123,244.12887927014174,10.0,13.744005811281136,0.0
3.133133133133133,244.32110549874307,10.0,13.75482779341928,0.0
3.143143143143143,244.5055140242872,10.0,13.765209652440564,0.0
3.153153153153153,244.68992254983135,10.0,13.775591511461831,0.0
3.163163163163163,244.87433107537564,10.0,13.78597337048311,0.0
3.173173173173173,245.0587396009198,10.0,13.796355229504382,0.0
3.183183183183183,245.24314812646404,10.0,13.806737088525662,0.0
3.193193193193193,245.42755665200812,10.0,13.817118947546932,0.0
3.203203203203203,245.61196517755238,10.0,13.827500806568214,0.0
3.2132132132132134,245.7963737030966,10.0,13.837882665589484,0.0
3.2232232232232234,245.98078222864066,10.0,13.84826452461076,0.0
3.2332332332332334,246.1643883454088,10.0,13.858601209950125,0.0
3.2432432432432434,246.3399703744156,10.0,13.868486158470347,0.0
3.2532532532532534,246.5155524034225,10.0,13.878371106990574,0.0
3.2632632632632634,246.69113443242944,10.0,13.888256055510798,0.0
3.2732732732732734,246.8667164614362,10.0,13.898141004031022,0.0
3.2832832832832834,247.04229849044316,10.0,13.908025952551249,0.0
3.2932932932932935,247.2178805194501,10.0,13.917910901071469,0.0
3.3033033033033035,247.3934625484568,10.0,13.927795849591696,0.0
3.3133133133133135,247.56904457746384,10.0,13.937680798111924,0.0
3.3233233233233235,247.74462660647063,10.0,13.947565746632147,0.0
3.3333333333333335,247.92020863547748,10.0,13.957450695152373,0.0
3.3433433433433435,248.08761996005657,10.0,13.966875638943758,0.0
3.3533533533533535,248.25503128463552,10.0,13.976300582735153,0.0
3.3633633633633635,248.42244260921458,10.0,13.985725526526545,0.0
3.3733733733733735,248.58985393379385,10.0,13.995150470317927,0.0
3.3833833833833835,248.7572652583726,10.0,14.004575414109311,0.0
3.3933933933933935,248.9246765829517,10.0,14.014000357900699,0.0
3.4034034034034035,249.09208790753084,10.0,14.023425301692086,0.0
3.4134134134134135,249.25949923210973,10.0,14.032850245483475,0.0
3.4234234234234235,249.42691055668882,10.0,14.042275189274863,0.0
3.4334334334334335,249.59432188126777,10.0,14.05170013306625,0.0
3.4434434434434436,249.75484336264265,10.0,14.06073719650763,0.0
3.4534534534534536,249.914675859697,10.0,14.069735471914006,0.0
3.4634634634634636,250.0745083567512,10.0,14.078733747320383,0.0
3.4734734734734736,250.23434085380566,10.0,14.087732022726756,0.0
3.4834834834834836,250.39417335085975,10.0,14.096730298133133,0.0
3.4934934934934936,250.55400584791408,10.0,14.105728573539515,0.0
3.5035035035035036,250.71383834496854,10.0,14.11472684894589,0.0
3.5135135135135136,250.87367084202296,10.0,14.12372512435227,0.0
3.5235235235235236,251.03350333907733,10.0,14.132723399758644,0.0
3.5335335335335336,251.19333583613158,10.0,14.14172167516502,0.0
3.5435435435435436,251.3474055354109,10.0,14.15039551404819,0.0
3.5535535535535536,251.5001946129622,10.0,14.158997255926204,0.0
3.5635635635635636,251.65298369051362,10.0,14.16759899780422,0.0
3.5735735735735736,251.805772768065,10.0,14.176200739682232,0.0
3.5835835835835836,251.95856184561646,10.0,14.18480248156025,0.0
3.5935935935935936,252.1113509231679,10.0,14.193404223438261,0.0
3.6036036036036037,252.2641400007192,10.0,14.202005965316275,0.0
3.6136136136136137,252.4169290782708,10.0,14.210607707194294,0.0
3.6236236236236237,252.56971815582193,10.0,14.219209449072306,0.0
3.6336336336336337,252.72250723337336,10.0,14.22781119095032,0.0
3.6436436436436437,252.8705269186917,10.0,14.236144427470187,0.0
3.6536536536536537,253.01675808192186,10.0,14.24437697448075,0.0
3.6636636636636637,253.16298924515272,10.0,14.252609521491316,0.0
3.6736736736736737,253.309220408383,10.0,14.260842068501878,0.0
3.6836836836836837,253.45545157161357,10.0,14.269074615512439,0.0
3.6936936936936937,253.60168273484413,10.0,14.277307162523003,0.0
3.7037037037037037,253.7479138980748,10.0,14.285539709533559,0.0
3.7137137137137137,253.89414506130524,10.0,14.293772256544127,0.0
3.7237237237237237,254.04037622453583,10.0,14.302004803554688,0.0
3.7337337337337337,254.18660738776632,10.0,14.310237350565247,0.0
3.7437437437437437,254.32894622076455,10.0,14.3182507666795,0.0
3.7537537537537538,254.46906086505857,10.0,14.326138965138702,0.0
3.7637637637637638,254.60917550935278,10.0,14.334027163597906,0.0
3.7737737737737738,254.74929015364694,10.0,14.34191536205711,0.0
3.7837837837837838,254.889404797941,10.0,14.34980356051632,0.0
3.793793793793794,255.02951944223543,10.0,14.357691758975516,0.0
3.803803803803804,255.16963408652933,10.0,14.36557995743473,0.0
3.813813813813814,255.30974873082351,10.0,14.373468155893928,0.0
3.823823823823824,255.44986337511764,10.0,14.38135635435314,0.0
3.833833833833834,255.5899780194117,10.0,14.389244552812345,0.0
3.843843843843844,255.72697561544203,10.0,14.396957265016644,0.0
3.853853853853854,255.86137567125206,10.0,14.404523738675193,0.0
3.863863863863864,255.9957757270622,10.0,14.412090212333743,0.0
3.873873873873874,256.13017578287236,10.0,14.419656685992296,0.0
3.883883883883884,256.26457583868233,10.0,14.427223159650847,0.0
3.893893893893894,256.3989758944927,10.0,14.434789633309396,0.0
3.903903903903904,256.5333759503026,10.0,14.442356106967942,0.0
3.913913913913914,256.6677760061128,10.0,14.449922580626499,0.0
3.923923923923924,256.80217606192303,10.0,14.457489054285043,0.0
3.933933933933934,256.9365761177331,10.0,14.465055527943598,0.0
3.943943943943944,257.06854542334224,10.0,14.472485157024193,0.0
3.953953953953954,257.19759782871023,10.0,14.479750572611248,0.0
3.963963963963964,257.32665023407833,10.0,14.487015988198303,0.0
3.973973973973974,257.4557026394464,10.0,14.49428140378536,0.0
3.983983983983984,257.5847550448144,10.0,14.501546819372411,0.0
3.993993993993994,257.71380745018246,10.0,14.508812234959466,0.0
4.004004004004004,257.8428598555504,10.0,14.51607765054652,0.0
4.014014014014014,257.9719122609184,10.0,14.523343066133576,0.0
4.024024024024024,258.1009646662865,10.0,14.53060848172063,0.0
4.034034034034034,258.2300170716545,10.0,14.537873897307684,0.0
4.044044044044044,258.3572469127696,10.0,14.54503670365017,0.0
4.054054054054054,258.4812872664423,10.0,14.55201994381466,0.0
4.064064064064064,258.60532762011485,10.0,14.559003183979149,0.0
4.074074074074074,258.72936797378753,10.0,14.565986424143633,0.0
4.084084084084084,258.8534083274603,10.0,14.572969664308124,0.0
4.094094094094094,258.9774486811329,10.0,14.579952904472613,0.0
4.104104104104104,259.10148903480564,10.0,14.586936144637102,0.0
4.114114114114114,259.2255293884782,10.0,14.593919384801591,0.0
4.124124124124124,259.34956974215095,10.0,14.600902624966082,0.0
4.134134134134134,259.47361009582346,10.0,14.607885865130568,0.0
4.1441441441441444,259.59636738494123,10.0,14.614796872968286,0.0
4.1541541541541545,259.715703168579,10.0,14.621515261267957,0.0
4.1641641641641645,259.8350389522168,10.0,14.628233649567626,0.0
4.1741741741741745,259.9543747358547,10.0,14.634952037867292,0.0
4.1841841841841845,260.0737105194923,10.0,14.641670426166964,0.0
4.1941941941941945,260.19304630313,10.0,14.648388814466628,0.0
4.2042042042042045,260.3123820867679,10.0,14.655107202766299,0.0
4.2142142142142145,260.4317178704057,10.0,14.66182559106596,0.0
4.2242242242242245,260.5510536540436,10.0,14.668543979365634,0.0
4.2342342342342345,260.6703894376814,10.0,14.675262367665304,0.0
4.2442442442442445,260.78892121689364,10.0,14.681935490860056,0.0
4.2542542542542545,260.90383497619155,10.0,14.688404921082677,0.0
4.2642642642642645,261.01874873548974,10.0,14.694874351305307,0.0
4.2742742742742745,261.1336624947877,10.0,14.701343781527932,0.0
4.2842842842842845,261.2485762540857,10.0,14.707813211750562,0.0
4.2942942942942945,261.36349001338357,10.0,14.71428264197319,0.0
4.3043043043043046,261.47840377268153,10.0,14.720752072195816,0.0
4.314314314314315,261.59331753197955,10.0,14.727221502418445,0.0
4.324324324324325,261.7082312912776,10.0,14.733690932641066,0.0
4.334334334334335,261.8231450505754,10.0,14.740160362863694,0.0
4.344344344344345,261.937680409527,10.0,14.746608490185812,0.0
4.354354354354355,262.0484317650126,10.0,14.7528435885028,0.0
4.364364364364365,262.15918312049854,10.0,14.75907868681978,0.0
4.374374374374375,262.2699344759845,10.0,14.765313785136767,0.0
4.384384384384385,262.3806858314702,10.0,14.771548883453749,0.0
4.394394394394395,262.491437186956,10.0,14.777783981770735,0.0
4.404404404404405,262.60218854244175,10.0,14.784019080087722,0.0
4.414414414414415,262.7129398979276,10.0,14.790254178404709,0.0
4.424424424424425,262.82369125341336,10.0,14.796489276721692,0.0
4.434434434434435,262.93444260889936,10.0,14.802724375038675,0.0
4.444444444444445,263.0451939643852,10.0,14.808959473355662,0.0
4.454454454454455,263.15202231339447,10.0,14.814973711979626,0.0
4.464464464464465,263.2588506624035,10.0,14.82098795060358,0.0
4.474474474474475,263.3656790114128,10.0,14.827002189227548,0.0
4.484484484484485,263.4725073604222,10.0,14.833016427851499,0.0
4.494494494494495,263.57933570943123,10.0,14.839030666475463,0.0
4.504504504504505,263.6861640584407,10.0,14.845044905099424,0.0
4.514514514514515,263.79299240745,10.0,14.851059143723385,0.0
4.524524524524525,263.89982075645923,10.0,14.857073382347346,0.0
4.534534534534535,264.00664910546845,10.0,14.863087620971307,0.0
4.544544544544545,264.1134774544776,10.0,14.869101859595267,0.0
4.554554554554555,264.21694026033964,10.0,14.874926622564494,0.0
4.564564564564565,264.32006651188715,10.0,14.880732437968254,0.0
4.574574574574575,264.4231927634345,10.0,14.886538253372017,0.0
4.584584584584585,264.5263190149818,10.0,14.89234406877577,0.0
4.594594594594595,264.62944526652916,10.0,14.89814988417954,0.0
4.604604604604605,264.7325715180767,10.0,14.903955699583298,0.0
4.614614614614615,264.8356977696237,10.0,14.909761514987057,0.0
4.624624624624625,264.93882402117123,10.0,14.915567330390813,0.0
4.634634634634635,265.04195027271857,10.0,14.921373145794572,0.0
4.644644644644645,265.1450765242659,10.0,14.927178961198335,0.0
4.654654654654655,265.2453408922013,10.0,14.93282366001373,0.0
4.664664664664665,265.3449692860004,10.0,14.938432555142823,0.0
4.674674674674675,265.44459767979953,10.0,14.944041450271918,0.0
4.684684684684685,265.5442260735987,10.0,14.949650345401011,0.0
4.694694694694695,265.6438544673978,10.0,14.955259240530106,0.0
4.704704704704705,265.7434828611969,10.0,14.960868135659197,0.0
4.714714714714715,265.8431112549963,10.0,14.966477030788287,0.0
4.724724724724725,265.9427396487954,10.0,14.97208592591738,0.0
4.734734734734735,266.04236804259466,10.0,14.977694821046478,0.0
4.744744744744745,266.14199643639375,10.0,14.983303716175564,0.0
4.754754754754755,266.2392184246226,10.0,14.98877713567039,0.0
4.764764764764765,266.3355380107628,10.0,14.994199751802359,0.0
4.774774774774775,266.4318575969027,10.0,14.999622367934329,0.0
4.784784784784785,266.52817718304277,10.0,15.0050449840663,0.0
4.794794794794795,266.6244967691829,10.0,15.01046760019827,0.0
4.804804804804805,266.720816355323,10.0,15.015890216330245,0.0
4.814814814814815,266.817135941463,10.0,15.021312832462215,0.0
4.824824824824825,266.91345552760316,10.0,15.026735448594193,0.0
4.834834834834835,267.0097751137431,10.0,15.03215806472616,0.0
4.844844844844845,267.10609469988316,10.0,15.037580680858127,0.0
4.854854854854855,267.2004202976593,10.0,15.042891040673167,0.0
4.864864864864865,267.2936064735129,10.0,15.048137254021375,0.0
4.874874874874875,267.3867926493664,10.0,15.0533834673696,0.0
4.884884884884885,267.47997882522037,10.0,15.05862968071781,0.0
4.894894894894895,267.5731650010741,10.0,15.063875894066028,0.0
4.904904904904905,267.66635117692766,10.0,15.069122107414238,0.0
4.914914914914915,267.7595373527815,10.0,15.074368320762462,0.0
4.924924924924925,267.85272352863524,10.0,15.079614534110672,0.0
4.934934934934935,267.9459097044888,10.0,15.084860747458885,0.0
4.944944944944945,268.03909588034253,10.0,15.090106960807104,0.0
4.954954954954955,268.1306617619172,10.0,15.095261952307494,0.0
4.964964964964965,268.22087739825923,10.0,15.100340925601367,0.0
4.974974974974975,268.31109303460124,10.0,15.105419898895239,0.0
4.984984984984985,268.4013086709433,10.0,15.110498872189112,0.0
4.994994994994995,268.49152430728543,10.0,15.115577845482981,0.0
5.005005005005005,268.5817399436274,10.0,15.120656818776853,0.0
5.015015015015015,268.67195557996934,10.0,15.125735792070726,0.0
5.025025025025025,268.7621712163115,10.0,15.130814765364601,0.0
5.035035035035035,268.8523868526535,10.0,15.135893738658474,0.0
5.045045045045045,268.9426024889957,10.0,15.14097271195234,0.0
5.055055055055055,269.0315367031268,10.0,15.145979542305104,0.0
5.065065065065065,269.11893321060467,10.0,15.150899801128546,0.0
5.075075075075075,269.20632971808243,10.0,15.155820059951981,0.0
5.085085085085085,269.2937262255602,10.0,15.160740318775417,0.0
5.095095095095095,269.3811227330384,10.0,15.165660577598857,0.0
5.105105105105105,269.4685192405161,10.0,15.17058083642229,0.0
5.115115115115115,269.55591574799405,10.0,15.175501095245728,0.0
5.125125125125125,269.6433122554718,10.0,15.180421354069166,0.0
5.135135135135135,269.73070876294975,10.0,15.185341612892596,0.0
5.145145145145145,269.8181052704275,10.0,15.190261871716034,0.0
5.155155155155155,269.9045279378695,10.0,15.195127306703089,0.0
5.165165165165165,269.9892463852485,10.0,15.199896799976473,0.0
5.175175175175175,270.0739648326276,10.0,15.204666293249858,0.0
5.185185185185185,270.1586832800067,10.0,15.209435786523246,0.0
5.195195195195195,270.24340172738573,10.0,15.214205279796634,0.0
5.205205205205205,270.32812017476465,10.0,15.218974773070013,0.0
5.215215215215215,270.41283862214385,10.0,15.223744266343395,0.0
5.225225225225225,270.49755706952294,10.0,15.228513759616785,0.0
5.235235235235235,270.58227551690175,10.0,15.233283252890164,0.0
5.245245245245245,270.6669939642807,10.0,15.238052746163559,0.0
5.255255255255255,270.7510178954559,10.0,15.24278313898384,0.0
5.265265265265265,270.83318978342044,10.0,15.247409263929185,0.0
5.275275275275275,270.91536167138497,10.0,15.252035388874537,0.0
5.285285285285285,270.9975335593494,10.0,15.256661513819893,0.0
5.295295295295295,271.0797054473139,10.0,15.261287638765245,0.0
5.305305305305305,271.16187733527835,10.0,15.265913763710593,0.0
5.315315315315315,271.244049223243,10.0,15.270539888655941,0.0
5.325325325325325,271.3262211112075,10.0,15.275166013601298,0.0
5.335335335335335,271.4083929991718,10.0,15.279792138546647,0.0
5.345345345345345,271.49056488713643,10.0,15.284418263492,0.0
5.355355355355355,271.5722961004201,10.0,15.289019580143428,0.0
5.365365365365365,271.652044277641,10.0,15.2935092594722,0.0
5.375375375375375,271.73179245486153,10.0,15.29799893880097,0.0
5.385385385385385,271.81154063208226,10.0,15.30248861812974,0.0
5.395395395395395,271.8912888093031,10.0,15.306978297458517,0.0
5.405405405405405,271.9710369865237,10.0,15.31146797678729,0.0
5.415415415415415,272.0507851637444,10.0,15.315957656116062,0.0
5.425425425425425,272.13053334096503,10.0,15.320447335444833,0.0
5.435435435435435,272.21028151818575,10.0,15.32493701477361,0.0
5.445445445445445,272.29002969540625,10.0,15.329426694102382,0.0
5.455455455455455,272.36956796324716,10.0,15.333904555219842,0.0
5.465465465465465,272.447007137288,10.0,15.338264234224166,0.0
5.475475475475475,272.5244463113289,10.0,15.342623913228492,0.0
5.485485485485485,272.60188548536956,10.0,15.346983592232817,0.0
5.495495495495495,272.6793246594105,10.0,15.35134327123714,0.0
5.505505505505505,272.7567638334514,10.0,15.355702950241465,0.0
5.515515515515515,272.834203007492,10.0,15.360062629245785,0.0
5.525525525525525,272.9116421815329,10.0,15.364422308250123,0.0
5.535535535535535,272.98908135557366,10.0,15.368781987254437,0.0
5.545545545545545,273.0665205296146,10.0,15.373141666258768,0.0
5.555555555555555,273.1439597036554,10.0,15.377501345263092,0.0
5.565565565565565,273.219197360391,10.0,15.381737084524536,0.0
5.575575575575575,273.29443501712655,10.0,15.385972823785984,0.0
5.585585585585585,273.36967267386217,10.0,15.390208563047425,0.0
5.595595595595595,273.4449103305977,10.0,15.394444302308868,0.0
5.605605605605605,273.5201479873333,10.0,15.39868004157032,0.0
5.615615615615615,273.59538564406864,10.0,15.40291578083176,0.0
5.625625625625625,273.67062330080427,10.0,15.407151520093208,0.0
5.635635635635635,273.74586095754,10.0,15.411387259354651,0.0
5.645645645645645,273.82109861427546,10.0,15.415622998616094,0.0
5.655655655655655,273.896336271011,10.0,15.419858737877538,0.0
5.665665665665665,273.9696640529513,10.0,15.423986955105324,0.0
5.675675675675675,274.0428008474122,10.0,15.42810442012975,0.0
5.685685685685685,274.1159376418732,10.0,15.432221885154167,0.0
5.6956956956956954,274.18907443633407,10.0,15.436339350178592,0.0
5.7057057057057055,274.2622112307949,10.0,15.440456815203019,0.0
5.7157157157157155,274.33534802525594,10.0,15.444574280227434,0.0
5.7257257257257255,274.4084848197167,10.0,15.448691745251857,0.0
5.7357357357357355,274.4816216141776,10.0,15.452809210276287,0.0
5.7457457457457455,274.5547584086386,10.0,15.4569266753007,0.0
5.7557557557557555,274.6278952030993,10.0,15.461044140325123,0.0
5.7657657657657655,274.69939037760474,10.0,15.46506919135549,0.0
5.7757757757757755,274.7705207476756,10.0,15.469073705942721,0.0
5.7857857857857855,274.84165111774655,10.0,15.473078220529954,0.0
5.7957957957957955,274.91278148781737,10.0,15.477082735117186,0.0
5.8058058058058055,274.9839118578882,10.0,15.481087249704427,0.0
5.8158158158158155,275.0550422279592,10.0,15.48509176429166,0.0
5.8258258258258255,275.12617259803005,10.0,15.489096278878892,0.0
5.8358358358358355,275.19730296810076,10.0,15.49310079346613,0.0
5.8458458458458455,275.2684333381718,10.0,15.497105308053365,0.0
5.8558558558558556,275.3395637082425,10.0,15.501109822640599,0.0
5.865865865865866,275.4092993351086,10.0,15.505035813964348,0.0
5.875875875875876,275.4785119332731,10.0,15.50893235906427,0.0
5.885885885885886,275.5477245314372,10.0,15.512828904164206,0.0
5.895895895895896,275.6169371296017,10.0,15.516725449264142,0.0
5.905905905905906,275.6861497277659,10.0,15.52062199436407,0.0
5.915915915915916,275.7553623259305,10.0,15.524518539464005,0.0
5.925925925925926,275.8245749240947,10.0,15.528415084563935,0.0
5.935935935935936,275.89378752225906,10.0,15.532311629663864,0.0
5.945945945945946,275.9630001204235,10.0,15.536208174763798,0.0
5.955955955955956,276.0322127185877,10.0,15.540104719863733,0.0
5.965965965965966,276.100257968412,10.0,15.543935539503295,0.0
5.975975975975976,276.1676361620418,10.0,15.547728801736927,0.0
5.985985985985986,276.23501435567186,10.0,15.551522063970568,0.0
5.995995995995996,276.30239254930166,10.0,15.5553153262042,0.0
6.006006006006006,276.3697707429317,10.0,15.559108588437834,0.0
6.016016016016016,276.4371489365614,10.0,15.56290185067147,0.0
6.026026026026026,276.50452713019126,10.0,15.56669511290511,0.0
6.036036036036036,276.57190532382117,10.0,15.570488375138742,0.0
6.046046046046046,276.639283517451,10.0,15.574281637372374,0.0
6.056056056056056,276.706661711081,10.0,15.578074899606014,0.0
6.066066066066066,276.7730821050787,10.0,15.581814244346562,0.0
6.076076076076076,276.8387043327162,10.0,15.585508657842878,0.0
6.086086086086086,276.9043265603537,10.0,15.589203071339192,0.0
6.096096096096096,276.96994878799114,10.0,15.59289748483551,0.0
6.106106106106106,277.0355710156287,10.0,15.596591898331816,0.0
6.116116116116116,277.10119324326615,10.0,15.600286311828132,0.0
6.126126126126126,277.1668154709036,10.0,15.603980725324437,0.0
6.136136136136136,277.23243769854116,10.0,15.60767513882075,0.0
6.146146146146146,277.2980599261788,10.0,15.611369552317074,0.0
6.156156156156156,277.3636821538162,10.0,15.61506396581338,0.0
6.166166166166166,277.4285397832121,10.0,15.618715330964692,0.0
6.176176176176176,277.4924798947183,10.0,15.622315038101993,0.0
6.186186186186186,277.55642000622464,10.0,15.625914745239294,0.0
6.196196196196196,277.62036011773057,10.0,15.629514452376602,0.0
6.206206206206206,277.68430022923695,10.0,15.633114159513907,0.0
6.216216216216216,277.74824034074317,10.0,15.636713866651208,0.0
6.226226226226226,277.8121804522494,10.0,15.64031357378851,0.0
6.236236236236236,277.8761205637556,10.0,15.643913280925815,0.0
6.246246246246246,277.94006067526186,10.0,15.64751298806312,0.0
6.256256256256256,278.0040007867681,10.0,15.651112695200428,0.0
6.266266266266266,278.0673545560811,10.0,15.654679394189056,0.0
6.276276276276276,278.129682226556,10.0,15.658188328917518,0.0
6.286286286286286,278.19200989703097,10.0,15.661697263645983,0.0
6.296296296296296,278.25433756750573,10.0,15.66520619837444,0.0
6.306306306306306,278.3166652379808,10.0,15.668715133102907,0.0
6.316316316316316,278.3789929084558,10.0,15.672224067831369,0.0
6.326326326326326,278.4413205789308,10.0,15.675733002559829,0.0
6.336336336336336,278.5036482494056,10.0,15.679241937288293,0.0
6.346346346346346,278.5659759198805,10.0,15.682750872016758,0.0
6.356356356356356,278.6283035903555,10.0,15.686259806745218,0.0
6.366366366366366,278.69020943314575,10.0,15.689744991612706,0.0
6.376376376376376,278.75099040211035,10.0,15.6931668435176,0.0
6.386386386386386,278.8117713710745,10.0,15.696588695422493,0.0
6.396396396396396,278.8725523400388,10.0,15.700010547327391,0.0
6.406406406406406,278.9333333090033,10.0,15.70343239923228,0.0
6.416416416416417,278.9941142779674,10.0,15.706854251137175,0.0
6.426426426426427,279.054895246932,10.0,15.71027610304207,0.0
6.436436436436437,279.11567621589614,10.0,15.713697954946966,0.0
6.446446446446447,279.1764571848606,10.0,15.717119806851862,0.0
6.456456456456457,279.23723815382505,10.0,15.720541658756755,0.0
6.466466466466467,279.2977491924213,10.0,15.723948315397926,0.0
6.476476476476477,279.357045544362,10.0,15.727286593352362,0.0
6.486486486486487,279.41634189630315,10.0,15.730624871306802,0.0
6.496496496496497,279.4756382482437,10.0,15.733963149261239,0.0
6.506506506506507,279.53493460018444,10.0,15.737301427215671,0.0
6.516516516516517,279.5942309521251,10.0,15.74063970517011,0.0
6.526526526526527,279.65352730406585,10.0,15.74397798312455,0.0
6.536536536536537,279.7128236560067,10.0,15.747316261078986,0.0
6.546546546546547,279.7721200079475,10.0,15.750654539033423,0.0
6.556556556556557,279.83141635988824,10.0,15.753992816987859,0.0
6.566566566566567,279.89058307640755,10.0,15.757323796680843,0.0
6.576576576576577,279.9484534387121,10.0,15.760581793759325,0.0
6.586586586586587,280.0063238010165,10.0,15.763839790837814,0.0
6.596596596596597,280.06419416332096,10.0,15.767097787916297,0.0
6.606606606606607,280.12206452562566,10.0,15.770355784994772,0.0
6.616616616616617,280.17993488793013,10.0,15.773613782073266,0.0
6.626626626626627,280.2378052502347,10.0,15.77687177915175,0.0
6.636636636636637,280.2956756125393,10.0,15.780129776230227,0.0
6.646646646646647,280.3535459748437,10.0,15.783387773308716,0.0
6.656656656656657,280.41141633714824,10.0,15.786645770387194,0.0
6.666666666666667,280.46928669945277,10.0,15.789903767465676,0.0
6.676676676676677,280.52578667090586,10.0,15.793084608877091,0.0
6.686686686686687,280.5822866423589,10.0,15.796265450288498,0.0
6.696696696696697,280.63878661381204,10.0,15.799446291699903,0.0
6.706706706706707,280.695286585265,10.0,15.802627133111315,0.0
6.716716716716717,280.75178655671806,10.0,15.805807974522722,0.0
6.726726726726727,280.80828652817104,10.0,15.808988815934136,0.0
6.736736736736737,280.8647864996241,10.0,15.812169657345544,0.0
6.746746746746747,280.92128647107717,10.0,15.815350498756953,0.0
6.756756756756757,280.97778644253026,10.0,15.818531340168365,0.0
6.766766766766767,281.0342864139831,10.0,15.821712181579773,0.0
6.776776776776777,281.08958838208025,10.0,15.824825579782093,0.0
6.786786786786787,281.14477054984167,10.0,15.827932233663502,0.0
6.796796796796797,281.19995271760325,10.0,15.831038887544919,0.0
6.806806806806807,281.25513488536455,10.0,15.834145541426325,0.0
6.816816816816817,281.3103170531261,10.0,15.837252195307743,0.0
6.826826826826827,281.3654992208876,10.0,15.840358849189148,0.0
6.836836836836837,281.4206813886491,10.0,15.84346550307056,0.0
6.846846846846847,281.4758635564104,10.0,15.846572156951972,0.0
6.856856856856857,281.531045724172,10.0,15.849678810833385,0.0
6.866866866866867,281.5862278919334,10.0,15.852785464714795,0.0
6.876876876876877,281.6403725366161,10.0,15.85583371284811,0.0
6.886886886886887,281.69428662061443,10.0,15.85886898192629,0.0
6.896896896896897,281.74820070461266,10.0,15.861904251004475,0.0
6.906906906906907,281.8021147886113,10.0,15.864939520082661,0.0
6.916916916916917,281.85602887260956,10.0,15.867974789160838,0.0
6.926926926926927,281.9099429566079,10.0,15.871010058239023,0.0
6.936936936936937,281.9638570406062,10.0,15.874045327317205,0.0
6.946946946946947,282.0177711246046,10.0,15.877080596395391,0.0
6.956956956956957,282.07168520860307,10.0,15.880115865473575,0.0
6.966966966966967,282.12559929260146,10.0,15.883151134551754,0.0
6.976976976976977,282.17862561064936,10.0,15.886136416609707,0.0
6.986986986986987,282.2313190164661,10.0,15.889102953535074,0.0
6.996996996996997,282.28401242228256,10.0,15.892069490460438,0.0
7.007007007007007,282.3367058280993,10.0,15.895036027385803,0.0
7.017017017017017,282.3893992339157,10.0,15.89800256431117,0.0
7.027027027027027,282.4420926397324,10.0,15.900969101236546,0.0
7.037037037037037,282.49478604554895,10.0,15.903935638161911,0.0
7.047047047047047,282.54747945136546,10.0,15.906902175087277,0.0
7.057057057057057,282.6001728571821,10.0,15.90986871201265,0.0
7.067067067067067,282.65286626299877,10.0,15.912835248938011,0.0
7.077077077077077,282.70481131010683,10.0,15.915759658734423,0.0
7.087087087087087,282.7563287236673,10.0,15.918659995885713,0.0
7.097097097097097,282.8078461372276,10.0,15.921560333037007,0.0
7.107107107107107,282.85936355078803,10.0,15.924460670188303,0.0
7.117117117117117,282.9108809643485,10.0,15.927361007339597,0.0
7.127127127127127,282.9623983779089,10.0,15.93026134449089,0.0
7.137137137137137,283.0139157914693,10.0,15.933161681642192,0.0
7.147147147147147,283.0654332050298,10.0,15.936062018793484,0.0
7.157157157157157,283.1169506185903,10.0,15.93896235594478,0.0
7.167167167167167,283.16846803215054,10.0,15.941862693096068,0.0
7.177177177177177,283.21936731487506,10.0,15.944728229609982,0.0
7.187187187187187,283.2697514885697,10.0,15.947564765592738,0.0
7.197197197197197,283.3201356622645,10.0,15.950401301575491,0.0
7.207207207207207,283.37051983595904,10.0,15.953237837558246,0.0
7.217217217217217,283.42090400965367,10.0,15.956074373541009,0.0
7.227227227227227,283.47128818334824,10.0,15.958910909523764,0.0
7.237237237237237,283.52167235704286,10.0,15.961747445506521,0.0
7.247247247247247,283.5720565307373,10.0,15.964583981489277,0.0
7.257257257257257,283.6224407044324,10.0,15.967420517472034,0.0
7.267267267267267,283.6728248781266,10.0,15.970257053454784,0.0
7.277277277277277,283.722712297645,10.0,15.973065623792392,0.0
7.287287287287287,283.77200361215137,10.0,15.975840635355814,0.0
7.297297297297297,283.821294926658,10.0,15.978615646919229,0.0
7.307307307307307,283.8705862411647,10.0,15.98139065848265,0.0
7.317317317317317,283.9198775556711,10.0,15.98416567004607,0.0
7.327327327327327,283.969168870178,10.0,15.98694068160949,0.0
7.337337337337337,284.01846018468444,10.0,15.989715693172908,0.0
7.347347347347347,284.0677514991909,10.0,15.99249070473633,0.0
7.357357357357357,284.1170428136974,10.0,15.995265716299746,0.0
7.367367367367367,284.1663341282041,10.0,15.998040727863176,0.0
7.377377377377377,284.21524209413553,10.0,16.000794155506302,0.0
7.387387387387387,284.2634792000604,10.0,16.003509811288925,0.0
7.397397397397397,284.3117163059853,10.0,16.00622546707155,0.0
7.407407407407407,284.3599534119102,10.0,16.008941122854168,0.0
7.4174174174174174,284.408190517835,10.0,16.011656778636794,0.0
7.4274274274274275,284.4564276237599,10.0,16.014372434419414,0.0
7.4374374374374375,284.504664729685,10.0,16.017088090202034,0.0
7.4474474474474475,284.5529018356099,10.0,16.01980374598465,0.0
7.4574574574574575,284.60113894153477,10.0,16.022519401767283,0.0
7.4674674674674675,284.6493760474598,10.0,16.025235057549903,0.0
7.4774774774774775,284.69733559114604,10.0,16.027935089434475,0.0
7.4874874874874875,284.7445549688628,10.0,16.03059345759093,0.0
7.4974974974974975,284.79177434657953,10.0,16.033251825747385,0.0
7.5075075075075075,284.83899372429636,10.0,16.03591019390383,0.0
7.5175175175175175,284.8862131020131,10.0,16.038568562060288,0.0
7.5275275275275275,284.93343247972996,10.0,16.041226930216748,0.0
7.5375375375375375,284.9806518574468,10.0,16.043885298373194,0.0
7.5475475475475475,285.0278712351634,10.0,16.046543666529647,0.0
7.5575575575575575,285.0750906128803,10.0,16.049202034686108,0.0
7.5675675675675675,285.1223099905971,10.0,16.051860402842557,0.0
7.5775775775775776,285.1693506963944,10.0,16.054508711069744,0.0
7.587587587587588,285.215587378554,10.0,16.057111749615196,0.0
7.597597597597598,285.26182406071337,10.0,16.059714788160644,0.0
7.607607607607608,285.3080607428728,10.0,16.0623178267061,0.0
7.617617617617618,285.35429742503237,10.0,16.064920865251544,0.0
7.627627627627628,285.4005341071918,10.0,16.067523903796996,0.0
7.637637637637638,285.44677078935126,10.0,16.070126942342448,0.0
7.647647647647648,285.49300747151074,10.0,16.072729980887893,0.0
7.657657657657658,285.5392441536702,10.0,16.07533301943335,0.0
7.667667667667668,285.58548083582957,10.0,16.0779360579788,0.0
7.677677677677678,285.63163120608556,10.0,16.080534237546054,0.0
7.687687687687688,285.67691845730553,10.0,16.083083827331343,0.0
7.697697697697698,285.7222057085257,10.0,16.08563341711664,0.0
7.707707707707708,285.76749295974577,10.0,16.08818300690193,0.0
7.717717717717718,285.81278021096585,10.0,16.090732596687225,0.0
7.727727727727728,285.8580674621859,10.0,16.093282186472518,0.0
7.737737737737738,285.903354713406,10.0,16.095831776257814,0.0
7.747747747747748,285.9486419646262,10.0,16.098381366043107,0.0
7.757757757757758,285.9939292158462,10.0,16.100930955828396,0.0
7.767767767767768,286.0392164670661,10.0,16.10348054561369,0.0
7.777777777777778,286.08450371828616,10.0,16.10603013539898,0.0
7.787787787787788,286.12887323616496,10.0,16.108528055741704,0.0
7.797797797797798,286.17324275404343,10.0,16.111025976084438,0.0
7.807807807807808,286.2176122719221,10.0,16.113523896427168,0.0
7.817817817817818,286.2619817898006,10.0,16.116021816769894,0.0
7.827827827827828,286.30635130767917,10.0,16.118519737112628,0.0
7.837837837837838,286.35072082555786,10.0,16.121017657455354,0.0
7.847847847847848,286.3950903434365,10.0,16.123515577798084,0.0
7.857857857857858,286.43945986131484,10.0,16.126013498140814,0.0
7.867867867867868,286.48382937919354,10.0,16.12851141848354,0.0
7.877877877877878,286.5281988970722,10.0,16.13100933882627,0.0
7.887887887887888,286.5717616666374,10.0,16.133461841455386,0.0
7.897897897897898,286.6152437613714,10.0,16.135909802313137,0.0
7.907907907907908,286.6587258561053,10.0,16.138357763170895,0.0
7.917917917917918,286.70220795083924,10.0,16.14080572402865,0.0
7.927927927927928,286.74569004557327,10.0,16.143253684886403,0.0
7.937937937937938,286.78917214030724,10.0,16.14570164574416,0.0
7.947947947947948,286.83265423504133,10.0,16.148149606601915,0.0
7.957957957957958,286.87613632977525,10.0,16.15059756745967,0.0
7.967967967967968,286.9196184245092,10.0,16.153045528317428,0.0
7.977977977977978,286.963100519243,10.0,16.15549348917518,0.0
7.987987987987988,287.0058801535301,10.0,16.157901904294196,0.0
7.997997997997998,287.04850368549586,10.0,16.160301531471273,0.0
8.008008008008009,287.0911272174611,10.0,16.16270115864835,0.0
8.018018018018019,287.13375074942655,10.0,16.16510078582542,0.0
8.028028028028029,287.176374281392,10.0,16.167500413002497,0.0
8.038038038038039,287.21899781335753,10.0,16.16990004017957,0.0
8.048048048048049,287.2616213453229,10.0,16.172299667356647,0.0
8.058058058058059,287.30424487728845,10.0,16.174699294533728,0.0
8.068068068068069,287.346868409254,10.0,16.1770989217108,0.0
8.078078078078079,287.3894919412195,10.0,16.179498548887878,0.0
8.088088088088089,287.43151120565904,10.0,16.181864156149935,0.0
8.098098098098099,287.4733038697764,10.0,16.184217005943864,0.0
8.108108108108109,287.5150965338939,10.0,16.1865698557378,0.0
8.118118118118119,287.5568891980114,10.0,16.188922705531734,0.0
8.128128128128129,287.5986818621288,10.0,16.191275555325664,0.0
8.138138138138139,287.6404745262461,10.0,16.193628405119597,0.0
8.148148148148149,287.6822671903638,10.0,16.19598125491353,0.0
8.158158158158159,287.72405985448125,10.0,16.19833410470746,0.0
8.168168168168169,287.7658525185987,10.0,16.200686954501396,0.0
8.178178178178179,287.8076451827162,10.0,16.20303980429533,0.0
8.188188188188189,287.84892590618745,10.0,16.20536383264367,0.0
8.198198198198199,287.8899140921466,10.0,16.207671391594545,0.0
8.208208208208209,287.9309022781059,10.0,16.209978950545402,0.0
8.218218218218219,287.97189046406515,10.0,16.21228650949627,0.0
8.228228228228229,288.01287865002445,10.0,16.214594068447138,0.0
8.238238238238239,288.0538668359836,10.0,16.216901627398013,0.0
8.248248248248249,288.0948550219429,10.0,16.219209186348877,0.0
8.258258258258259,288.1358432079021,10.0,16.221516745299745,0.0
8.268268268268269,288.17683139386133,10.0,16.223824304250613,0.0
8.278278278278279,288.2178195798206,10.0,16.226131863201473,0.0
8.288288288288289,288.25838268197504,10.0,16.228415490628745,0.0
8.298298298298299,288.29859154762556,10.0,16.23067917511968,0.0
8.308308308308309,288.33880041327575,10.0,16.232942859610606,0.0
8.318318318318319,288.37900927892593,10.0,16.235206544101544,0.0
8.328328328328329,288.41921814457646,10.0,16.237470228592475,0.0
8.338338338338339,288.45942701022665,10.0,16.239733913083406,0.0
8.348348348348349,288.4996358758771,10.0,16.24199759757434,0.0
8.358358358358359,288.53984474152725,10.0,16.244261282065274,0.0
8.368368368368369,288.5800536071778,10.0,16.2465249665562,0.0
8.378378378378379,288.620262472828,10.0,16.248788651047136,0.0
8.388388388388389,288.6601281399232,10.0,16.251033014690552,0.0
8.398398398398399,288.6995819687524,10.0,16.25325419331696,0.0
8.408408408408409,288.73903579758144,10.0,16.255475371943355,0.0
8.418418418418419,288.77848962641065,10.0,16.25769655056976,0.0
8.428428428428429,288.8179434552396,10.0,16.259917729196157,0.0
8.438438438438439,288.85739728406884,10.0,16.262138907822564,0.0
8.448448448448449,288.8968511128979,10.0,16.264360086448963,0.0
8.458458458458459,288.93630494172686,10.0,16.266581265075363,0.0
8.468468468468469,288.97575877055607,10.0,16.26880244370177,0.0
8.478478478478479,289.0152125993851,10.0,16.271023622328165,0.0
8.488488488488489,289.05440025710254,10.0,16.273229815912767,0.0
8.498498498498499,289.09312211537406,10.0,16.27540978567422,0.0
8.508508508508509,289.13184397364614,10.0,16.277589755435663,0.0
8.518518518518519,289.1705658319178,10.0,16.279769725197106,0.0
8.528528528528529,289.2092876901895,10.0,16.281949694958552,0.0
8.538538538538539,289.24800954846125,10.0,16.284129664719995,0.0
8.548548548548549,289.2867314067333,10.0,16.28630963448144,0.0
8.558558558558559,289.32545326500497,10.0,16.288489604242887,0.0
8.568568568568569,289.3641751232767,10.0,16.29066957400433,0.0
8.578578578578579,289.40289698154857,10.0,16.292849543765776,0.0
8.588588588588589,289.4414252565109,10.0,16.295018615639567,0.0
8.598598598598599,289.4794373093152,10.0,16.297158626479625,0.0
8.608608608608609,289.5174493621191,10.0,16.29929863731969,0.0
8.618618618618619,289.5554614149232,10.0,16.30143864815975,0.0
8.62862862862863,289.5934734677273,10.0,16.303578658999808,0.0
8.63863863863864,289.6314855205315,10.0,16.30571866983987,0.0
8.64864864864865,289.6694975733355,10.0,16.307858680679928,0.0
8.65865865865866,289.7075096261396,10.0,16.30999869151999,0.0
8.66866866866867,289.7455216789436,10.0,16.31213870236005,0.0
8.67867867867868,289.7835337317477,10.0,16.31427871320011,0.0
8.68868868868869,289.821420595833,10.0,16.316411675563522,0.0
8.6986986986987,289.85874411068403,10.0,16.318512919782002,0.0
8.70870870870871,289.8960676255351,10.0,16.320614164000485,0.0
8.71871871871872,289.9333911403858,10.0,16.32271540821897,0.0
8.72872872872873,289.97071465523686,10.0,16.32481665243745,0.0
8.73873873873874,290.00803817008796,10.0,16.326917896655935,0.0
8.74874874874875,290.0453616849388,10.0,16.32901914087441,0.0
8.75875875875876,290.08268519978986,10.0,16.33112038509289,0.0
8.76876876876877,290.12000871464073,10.0,16.333221629311378,0.0
8.77877877877878,290.15733222949154,10.0,16.335322873529858,0.0
8.78878878878879,290.19459500085827,10.0,16.337420697894384,0.0
8.7987987987988,290.2312503373811,10.0,16.339484323719308,0.0
8.80880880880881,290.26790567390395,10.0,16.341547949544236,0.0
8.81881881881882,290.3045610104271,10.0,16.343611575369167,0.0
8.82882882882883,290.3412163469499,10.0,16.345675201194087,0.0
8.83883883883884,290.3778716834727,10.0,16.347738827019015,0.0
8.84884884884885,290.4145270199955,10.0,16.349802452843942,0.0
8.85885885885886,290.4511823565183,10.0,16.351866078668866,0.0
8.86886886886887,290.48783769304146,10.0,16.353929704493797,0.0
8.87887887887888,290.52449302956416,10.0,16.355993330318725,0.0
8.88888888888889,290.5611483660869,10.0,16.358056956143656,0.0
8.8988988988989,290.5971550763098,10.0,16.36008406663157,0.0
8.90890890890891,290.63316178653264,10.0,16.362111177119495,0.0
8.91891891891892,290.6691684967557,10.0,16.36413828760741,0.0
8.92892892892893,290.70517520697825,10.0,16.366165398095323,0.0
8.93893893893894,290.74118191720123,10.0,16.368192508583245,0.0
8.94894894894895,290.77718862742404,10.0,16.37021961907116,0.0
8.95895895895896,290.8131953376469,10.0,16.372246729559084,0.0
8.96896896896897,290.8492020478699,10.0,16.374273840047007,0.0
8.97897897897898,290.8852087580926,10.0,16.376300950534922,0.0
8.98898898898899,290.9212154683154,10.0,16.378328061022838,0.0
8.998998998999,290.9566495459782,10.0,16.38032293633158,0.0
9.00900900900901,290.9920263603845,10.0,16.382314588122405,0.0
9.01901901901902,291.02740317479083,10.0,16.384306239913233,0.0
9.02902902902903,291.0627799891974,10.0,16.386297891704057,0.0
9.03903903903904,291.09815680360384,10.0,16.388289543494885,0.0
9.04904904904905,291.13353361801023,10.0,16.39028119528571,0.0
9.05905905905906,291.16891043241674,10.0,16.392272847076537,0.0
9.06906906906907,291.204287246823,10.0,16.394264498867365,0.0
9.07907907907908,291.2396640612297,10.0,16.39625615065819,0.0
9.08908908908909,291.27504087563597,10.0,16.39824780244902,0.0
9.0990990990991,291.3099170637313,10.0,16.40021127001584,0.0
9.10910910910911,291.3446820015355,10.0,16.40216847442177,0.0
9.11911911911912,291.3794469393394,10.0,16.40412567882771,0.0
9.12912912912913,291.4142118771434,10.0,16.40608288323364,0.0
9.13913913913914,291.4489768149474,10.0,16.408040087639577,0.0
9.14914914914915,291.48374175275137,10.0,16.409997292045507,0.0
9.15915915915916,291.51850669055517,10.0,16.411954496451443,0.0
9.16916916916917,291.5532716283592,10.0,16.413911700857383,0.0
9.17917917917918,291.5880365661632,10.0,16.415868905263316,0.0
9.18918918918919,291.62280150396737,10.0,16.417826109669253,0.0
9.1991991991992,291.65713401462017,10.0,16.419758966053216,0.0
9.20920920920921,291.6913043650913,10.0,16.421682691928943,0.0
9.21921921921922,291.7254747155624,10.0,16.423606417804674,0.0
9.22922922922923,291.75964506603367,10.0,16.4255301436804,0.0
9.23923923923924,291.79381541650474,10.0,16.42745386955613,0.0
9.24924924924925,291.8279857669759,10.0,16.42937759543186,0.0
9.25925925925926,291.8621561174473,10.0,16.431301321307583,0.0
9.26926926926927,291.8963264679183,10.0,16.433225047183303,0.0
9.27927927927928,291.9304968183896,10.0,16.435148773059037,0.0
9.28928928928929,291.9646671688605,10.0,16.437072498934764,0.0
9.2992992992993,291.9984697474966,10.0,16.438975521364746,0.0
9.30930930930931,292.03206217079793,10.0,16.4408667132543,0.0
9.31931931931932,292.0656545940992,10.0,16.442757905143853,0.0
9.32932932932933,292.0992470174006,10.0,16.444649097033412,0.0
9.33933933933934,292.132839440702,10.0,16.446540288922968,0.0
9.34934934934935,292.1664318640034,10.0,16.448431480812527,0.0
9.35935935935936,292.2000242873047,10.0,16.45032267270208,0.0
9.36936936936937,292.2336167106061,10.0,16.45221386459164,0.0
9.37937937937938,292.26720913390744,10.0,16.454105056481197,0.0
9.38938938938939,292.30080155720884,10.0,16.45599624837075,0.0
9.3993993993994,292.3340874673599,10.0,16.45787018204087,0.0
9.40940940940941,292.36711794988565,10.0,16.459729733861458,0.0
9.41941941941942,292.4001484324115,10.0,16.46158928568205,0.0
9.42942942942943,292.4331789149374,10.0,16.463448837502643,0.0
9.43943943943944,292.46620939746316,10.0,16.465308389323233,0.0
9.44944944944945,292.49923987998903,10.0,16.46716794114382,0.0
9.45945945945946,292.53227036251474,10.0,16.46902749296441,0.0
9.46946946946947,292.56530084504055,10.0,16.470887044784998,0.0
9.47947947947948,292.5983313275663,10.0,16.472746596605592,0.0
9.48948948948949,292.6313618100921,10.0,16.474606148426187,0.0
9.4994994994995,292.6641438468176,10.0,16.476451716172207,0.0
9.50950950950951,292.69662774858324,10.0,16.478280503028742,0.0
9.51951951951952,292.72911165034844,10.0,16.480109289885277,0.0
9.52952952952953,292.76159555211376,10.0,16.48193807674181,0.0
9.53953953953954,292.7940794538792,10.0,16.483766863598348,0.0
9.54954954954955,292.82656335564445,10.0,16.485595650454886,0.0
9.55955955955956,292.85904725740994,10.0,16.48742443731142,0.0
9.56956956956957,292.8915311591752,10.0,16.489253224167964,0.0
9.57957957957958,292.92401506094063,10.0,16.491082011024492,0.0
9.58958958958959,292.95649896270595,10.0,16.49291079788103,0.0
9.5995995995996,292.98878949339183,10.0,16.4947286970306,0.0
9.60960960960961,293.02074162468807,10.0,16.49652754269296,0.0
9.61961961961962,293.0526937559846,10.0,16.49832638835532,0.0
9.62962962962963,293.0846458872808,10.0,16.500125234017684,0.0
9.63963963963964,293.11659801857735,10.0,16.501924079680045,0.0
9.64964964964965,293.14855014987376,10.0,16.50372292534241,0.0
9.65965965965966,293.18050228117016,10.0,16.50552177100477,0.0
9.66966966966967,293.2124544124666,10.0,16.507320616667137,0.0
9.67967967967968,293.244406543763,10.0,16.509119462329494,0.0
9.68968968968969,293.27635867505944,10.0,16.51091830799185,0.0
9.6996996996997,293.30816966176417,10.0,16.512709207886324,0.0
9.70970970970971,293.3396042628913,10.0,16.514478919066416,0.0
9.71971971971972,293.37103886401826,10.0,16.516248630246498,0.0
9.72972972972973,293.4024734651453,10.0,16.51801834142659,0.0
9.73973973973974,293.4339080662724,10.0,16.51978805260668,0.0
9.74974974974975,293.4653426673995,10.0,16.52155776378677,0.0
9.75975975975976,293.49677726852644,10.0,16.523327474966862,0.0
9.76976976976977,293.52821186965343,10.0,16.525097186146947,0.0
9.77977977977978,293.5596464707805,10.0,16.526866897327036,0.0
9.78978978978979,293.5910810719076,10.0,16.52863660850713,0.0
9.7997997997998,293.62242407150944,10.0,16.530401162469378,0.0
9.80980980980981,293.65335486424823,10.0,16.532142508951374,0.0
9.81981981981982,293.6842856569872,10.0,16.533883855433366,0.0
9.82982982982983,293.7152164497261,10.0,16.535625201915366,0.0
9.83983983983984,293.7461472424648,10.0,16.537366548397358,0.0
9.84984984984985,293.7770780352038,10.0,16.539107894879354,0.0
9.85985985985986,293.8080088279426,10.0,16.540849241361354,0.0
9.86986986986987,293.8389396206816,10.0,16.542590587843343,0.0
9.87987987987988,293.8698704134205,10.0,16.544331934325335,0.0
9.88988988988989,293.9008012061592,10.0,16.54607328080733,0.0
9.8998998998999,293.9316874023292,10.0,16.547812116290327,0.0
9.90990990990991,293.9621276328089,10.0,16.54952584178332,0.0
9.91991991991992,293.99256786328897,10.0,16.551239567276326,0.0
9.92992992992993,294.02300809376885,10.0,16.552953292769327,0.0
9.93993993993994,294.05344832424885,10.0,16.55466701826233,0.0
9.94994994994995,294.08388855472873,10.0,16.556380743755327,0.0
9.95995995995996,294.1143287852087,10.0,16.558094469248335,0.0
9.96996996996997,294.1447690156885,10.0,16.559808194741333,0.0
9.97997997997998,294.17520924616855,10.0,16.56152192023433,0.0
9.98998998998999,294.2056494766484,10.0,16.56323564572733,0.0
10.0,294.2360897071284,10.0,16.564949371220333,0.0
