,Domain_1,Domain_2,Domain_3,Domain_4,Domain_5,Domain_6,Domain_7,Domain_8,Domain_9,Domain_10
0.000000000000000e+00,0.000000000000000e+00,0.000000000000000e+00,0.000000000000000e+00,0.000000000000000e+00,0.000000000000000e+00,0.000000000000000e+00,0.000000000000000e+00,0.000000000000000e+00,0.000000000000000e+00,0.000000000000000e+00
1.010101010101010e-01,6.502638436848485e-02,6.502638545454546e-02,6.502638545454546e-02,6.502637640404041e-02,6.502637857616161e-02,6.502638545454545e-02,6.502638545454545e-02,6.502638726464646e-02,6.502638545454548e-02,6.502639450505052e-02
2.020202020202020e-01,1.252803038383838e-01,1.252802860993940e-01,1.252802904436363e-01,1.252802857373737e-01,1.252802875474748e-01,1.252802857373737e-01,1.252802839272727e-01,1.252802857373737e-01,1.252802947878788e-01,1.252802947878788e-01
3.030303030303030e-01,1.806435327482828e-01,1.806435284040404e-01,1.806435284040404e-01,1.806435284040404e-01,1.806435284040404e-01,1.806435284040404e-01,1.806435555555556e-01,1.806435320242424e-01,1.806435338343435e-01,1.806435284040404e-01
4.040404040404040e-01,2.311365783117576e-01,2.311365766464647e-01,2.311365712161616e-01,2.311365777325253e-01,2.311365766464646e-01,2.311365766464646e-01,2.311365806286869e-01,2.311365766464646e-01,2.311365766464647e-01,2.311365820767677e-01
5.050505050505051e-01,2.769101123232323e-01,2.769101123232323e-01,2.769101086306263e-01,2.769101123232324e-01,2.769101123232323e-01,2.769101123232323e-01,2.769101123232324e-01,2.769101123232324e-01,2.769101105131313e-01,2.769101123232323e-01
6.060606060606061e-01,3.182210068686869e-01,3.182210014383838e-01,3.182210068686868e-01,3.182209978181818e-01,3.182209978181817e-01,3.182210068686868e-01,3.182210068686868e-01,3.182210076651313e-01,3.182210068686868e-01,3.182210068686869e-01
7.070707070707071e-01,3.553997304242424e-01,3.553997304242424e-01,3.553997304242424e-01,3.553997304242424e-01,3.553997315103031e-01,3.553997329583839e-01,3.553997485252525e-01,3.553997394747475e-01,3.553997575757576e-01,3.553997304242424e-01
8.080808080808081e-01,3.888169373737373e-01,3.888169373737373e-01,3.888169319434343e-01,3.888169348395960e-01,3.888169373737374e-01,3.888169348395960e-01,3.888169373737373e-01,3.888169355636364e-01,3.888169261511111e-01,3.888169290472728e-01
9.090909090909091e-01,4.188545948703029e-01,4.188545952323232e-01,4.188545905260606e-01,4.188545952323232e-01,4.188545934222221e-01,4.188545861818183e-01,4.188545952323232e-01,4.188545952323233e-01,4.188545952323232e-01,4.188545924085657e-01
1.010101010101010e+00,4.458847431111111e-01,4.458847250101011e-01,4.458847250101009e-01,4.458847363775355e-01,4.458847304404040e-01,4.458847304404039e-01,4.458847268202020e-01,4.458847340606061e-01,4.458847250101011e-01,4.458847311644444e-01
1.060606060606061e+00,4.583819882020200e-01,4.583819882020203e-01,4.583819882020201e-01,4.583819827717172e-01,4.583819827717172e-01,4.583819843646060e-01,4.583819882020202e-01,4.583819719111112e-01,4.583819882020203e-01,4.583819882020201e-01
1.062184343434343e+00,4.587622632727272e-01,4.587622542222223e-01,4.587622723232322e-01,4.587622542222222e-01,4.587622741333333e-01,4.587622668929291e-01,4.587622723232323e-01,4.587622723232324e-01,4.587622723232323e-01,4.587622634899394e-01
1.062973484848485e+00,4.589521682101010e-01,4.589521700202021e-01,4.589521826909091e-01,4.589521790707070e-01,4.589521834149495e-01,4.589521790707071e-01,4.589521754505050e-01,4.589521740024242e-01,4.589521790707071e-01,4.589521740024242e-01
1.063170770202020e+00,4.589996200080808e-01,4.589996308686870e-01,4.589996308686869e-01,4.589996301446465e-01,4.589996308686869e-01,4.589996308686868e-01,4.589996308686868e-01,4.589996289861818e-01,4.589996308686869e-01,4.589996308686868e-01
1.063269412878788e+00,4.590233623789899e-01,4.590233612929293e-01,4.590233612929293e-01,4.590233522424242e-01,4.590233594828282e-01,4.590233522424241e-01,4.590233612929291e-01,4.590233594828282e-01,4.590233612929292e-01,4.590233563618241e-01
1.063368055555556e+00,4.590470917171716e-01,4.590470826666667e-01,4.590470826666667e-01,4.590470844767677e-01,4.590470805669494e-01,4.590470790464646e-01,4.590470754262626e-01,4.590470826666667e-01,4.590470826666666e-01,4.590470776980448e-01
1.063762626262626e+00,4.591419410101010e-01,4.591419410101011e-01,4.591419413721212e-01,4.591419355797979e-01,4.591419410101010e-01,4.591419410101010e-01,4.591419500606060e-01,4.591419392000000e-01,4.591419410101009e-01,4.591419412876446e-01
1.066919191919192e+00,4.598994773333334e-01,4.598994715410102e-01,4.598994700929294e-01,4.598994682828283e-01,4.598994791434343e-01,4.598994715410102e-01,4.598994773333333e-01,4.598994700929293e-01,4.598994773333333e-01,4.598994760714342e-01
1.073232323232323e+00,4.614073041454544e-01,4.614073095757577e-01,4.614073095757577e-01,4.614073113858587e-01,4.614073074760405e-01,4.614073095757575e-01,4.614073041454548e-01,4.614073095757577e-01,4.614073095757576e-01,4.614073068244040e-01
1.085858585858586e+00,4.643942821494950e-01,4.643942749090910e-01,4.643942839595960e-01,4.643942749090909e-01,4.643942749090910e-01,4.643942796153536e-01,4.643942930101009e-01,4.643942749090909e-01,4.643942839595960e-01,4.643942839595959e-01
1.111111111111111e+00,4.702555988298989e-01,4.702556024501011e-01,4.702555991919193e-01,4.702555991919193e-01,4.702556046222223e-01,4.702556082424241e-01,4.702555991919193e-01,4.702556046222222e-01,4.702556010020202e-01,4.702556079838383e-01
1.161616161616162e+00,4.815442036363635e-01,4.815442036363636e-01,4.815442036363637e-01,4.815442036363636e-01,4.815442090666667e-01,4.815442036363636e-01,4.815442036363637e-01,4.815442089218586e-01,4.815442036363636e-01,4.815442113939393e-01
1.186868686868687e+00,4.869806157575759e-01,4.869805958464646e-01,4.869806030868688e-01,4.869805976565657e-01,4.869805976565658e-01,4.869806033040807e-01,4.869806030868686e-01,4.869805994666667e-01,4.869805976565657e-01,4.869806051762423e-01
1.190025252525253e+00,4.876507242020202e-01,4.876507296323233e-01,4.876507242020203e-01,4.876507296323232e-01,4.876507423030303e-01,4.876507289082826e-01,4.876507242020201e-01,4.876507151515151e-01,4.876507310804040e-01,4.876507332525252e-01
1.190222537878788e+00,4.876925465858586e-01,4.876925465858587e-01,4.876925426036365e-01,4.876925427484444e-01,4.876925465858587e-01,4.876925405763231e-01,4.876925483959597e-01,4.876925433276766e-01,4.876925465858587e-01,4.876925465858586e-01
1.190321180555556e+00,4.877134532525251e-01,4.877134532525254e-01,4.877134506666665e-01,4.877134532525252e-01,4.877134532525254e-01,4.877134550626262e-01,4.877134532525254e-01,4.877134532525253e-01,4.877134478222224e-01,4.877134488048486e-01
1.190419823232323e+00,4.877343418181817e-01,4.877343544888890e-01,4.877343524202019e-01,4.877343599191918e-01,4.877343497826264e-01,4.877343436282829e-01,4.877343472484849e-01,4.877343418181818e-01,4.877343436282828e-01,4.877343506101010e-01
1.190814393939394e+00,4.878179413333333e-01,4.878179322828283e-01,4.878179415298586e-01,4.878179348169697e-01,4.878179413333334e-01,4.878179413333332e-01,4.878179398852523e-01,4.878179395232324e-01,4.878179377131313e-01,4.878179404437979e-01
1.191603535353535e+00,4.879850194488887e-01,4.879850227070707e-01,4.879850162424242e-01,4.879850136565657e-01,4.879850172767677e-01,4.879850227070706e-01,4.879850136565658e-01,4.879850227070708e-01,4.879850227070708e-01,4.879850170181817e-01
1.193181818181818e+00,4.883187944727272e-01,4.883187962828283e-01,4.883187953002020e-01,4.883187962828283e-01,4.883187962828284e-01,4.883187962828283e-01,4.883187908525253e-01,4.883187923006059e-01,4.883187962828283e-01,4.883187899216162e-01
1.199494949494949e+00,4.896487498989898e-01,4.896487498989899e-01,4.896487511919191e-01,4.896487517090909e-01,4.896487498989899e-01,4.896487480888889e-01,4.896487498989899e-01,4.896487498989900e-01,4.896487527227474e-01,4.896487511919192e-01
1.201073232323232e+00,4.899799531313130e-01,4.899799621818182e-01,4.899799647676767e-01,4.899799621818182e-01,4.899799621818185e-01,4.899799694222223e-01,4.899799625438385e-01,4.899799658020203e-01,4.899799658020202e-01,4.899799652848485e-01
1.201862373737374e+00,4.901453782626261e-01,4.901453775385858e-01,4.901453780040404e-01,4.901453775385858e-01,4.901453873131314e-01,4.901453817380202e-01,4.901453873131313e-01,4.901453873131313e-01,4.901453760905050e-01,4.901453797107070e-01
1.201961016414141e+00,4.901660496161615e-01,4.901660430672708e-01,4.901660459649293e-01,4.901660496161616e-01,4.901660496161617e-01,4.901660496161616e-01,4.901660412896971e-01,4.901660496161616e-01,4.901660496161617e-01,4.901660455305049e-01
1.202059659090909e+00,4.901867101090908e-01,4.901867128501011e-01,4.901867114020203e-01,4.901867119191919e-01,4.901867191595961e-01,4.901867064888887e-01,4.901867101090910e-01,4.901867101090909e-01,4.901867119191919e-01,4.901867118985049e-01
1.202256944444444e+00,4.902280365252524e-01,4.902280391111112e-01,4.902280383353535e-01,4.902280345703434e-01,4.902280329050505e-01,4.902280428968080e-01,4.902280365252526e-01,4.902280365252526e-01,4.902280274747475e-01,4.902280414383838e-01
1.202651515151515e+00,4.903106585858585e-01,4.903106663434344e-01,4.903106661882828e-01,4.903106647402020e-01,4.903106585858587e-01,4.903106603959596e-01,4.903106665503030e-01,4.903106585858586e-01,4.903106585858586e-01,4.903106661882828e-01
1.205808080808081e+00,4.909705490101009e-01,4.909705500444445e-01,4.909705474585858e-01,4.909705435797980e-01,4.909705490101011e-01,4.909705508202020e-01,4.909705435797981e-01,4.909705490101011e-01,4.909705490101011e-01,4.909705469414141e-01
1.212121212121212e+00,4.922842569696969e-01,4.922842492121212e-01,4.922842474020203e-01,4.922842475571719e-01,4.922842479191920e-01,4.922842479191919e-01,4.922842406787880e-01,4.922842442989899e-01,4.922842479191919e-01,4.922842455402019e-01
1.237373737373737e+00,4.974593448080808e-01,4.974593582545455e-01,4.974593602508283e-01,4.974593629090908e-01,4.974593595061009e-01,4.974593647191918e-01,4.974593629090909e-01,4.974593629090909e-01,4.974593629090909e-01,4.974593559272727e-01
1.237768308080808e+00,4.975392191353534e-01,4.975392193939395e-01,4.975392230141414e-01,4.975392242036364e-01,4.975392155151517e-01,4.975392213074746e-01,4.975392227555557e-01,4.975392227555555e-01,4.975392208730506e-01,4.975392220832322e-01
1.237965593434343e+00,4.975791463434344e-01,4.975791437575759e-01,4.975791463434343e-01,4.975791463434343e-01,4.975791445333334e-01,4.975791401890908e-01,4.975791409131314e-01,4.975791423612121e-01,4.975791486880088e-01,4.975791422577778e-01
1.238064236111111e+00,4.975991027070706e-01,4.975990975353535e-01,4.975990949494949e-01,4.975990980008080e-01,4.975990936565657e-01,4.975991027070705e-01,4.975991027070708e-01,4.975991027070708e-01,4.975990955494141e-01,4.975991019313131e-01
1.238162878787879e+00,4.976190587086868e-01,4.976190551919193e-01,4.976190533301009e-01,4.976190590707070e-01,4.976190590707071e-01,4.976190590707070e-01,4.976190590707071e-01,4.976190590707071e-01,4.976190551919192e-01,4.976190545195960e-01
1.238952020202020e+00,4.977786375757575e-01,4.977786285252526e-01,4.977786293010101e-01,4.977786285252526e-01,4.977786321454547e-01,4.977786375757576e-01,4.977786285252526e-01,4.977786306973737e-01,4.977786303353535e-01,4.977786311111111e-01
1.240530303030303e+00,4.980974188088887e-01,4.980974157575757e-01,4.980974183434344e-01,4.980974217050506e-01,4.980974235151517e-01,4.980974108444444e-01,4.980974151886868e-01,4.980974235151517e-01,4.980974183434344e-01,4.980974171539393e-01
1.243686868686869e+00,4.987335310222221e-01,4.987335421414141e-01,4.987335330909091e-01,4.987335346424243e-01,4.987335346424243e-01,4.987335382626262e-01,4.987335346424243e-01,4.987335382626264e-01,4.987335343321211e-01,4.987335335563635e-01
1.250000000000000e+00,4.999999935353535e-01,5.000000002585858e-01,4.999999963797979e-01,4.999999935353536e-01,4.999999993276768e-01,4.999999988932525e-01,4.999999938973738e-01,4.999999935353536e-01,5.000000015515151e-01,5.000000012929292e-01
1.256313131313131e+00,5.012588192323231e-01,5.012588054238385e-01,5.012588136158385e-01,5.012588065616163e-01,5.012588065616161e-01,5.012588138020202e-01,5.012588192323234e-01,5.012588101818183e-01,5.012588103886869e-01,5.012588123022221e-01
1.259469696969697e+00,5.018853621656564e-01,5.018853644929294e-01,5.018853645446465e-01,5.018853654238384e-01,5.018853585454546e-01,5.018853596315151e-01,5.018853675959596e-01,5.018853585454547e-01,5.018853670787879e-01,5.018853655789900e-01
1.261047979797980e+00,5.021979358383839e-01,5.021979328387880e-01,5.021979371313132e-01,5.021979325802022e-01,5.021979340282828e-01,5.021979304080808e-01,5.021979304080809e-01,5.021979358383838e-01,5.021979319802828e-01,5.021979324767676e-01
1.261442550505050e+00,5.022760010058990e-01,5.022760016161617e-01,5.022760029090909e-01,5.022759964444445e-01,5.022759931862626e-01,5.022759964444444e-01,5.022760033228284e-01,5.022759964444445e-01,5.022759969616162e-01,5.022760029090909e-01
1.261639835858586e+00,5.023150222222222e-01,5.023150236703030e-01,5.023150261010102e-01,5.023150222222222e-01,5.023150222222221e-01,5.023150247563636e-01,5.023150218602020e-01,5.023150240323232e-01,5.023150235151516e-01,5.023150209292928e-01
1.261738478535353e+00,5.023345260606060e-01,5.023345273535353e-01,5.023345335595960e-01,5.023345314909092e-01,5.023345294222223e-01,5.023345314909091e-01,5.023345314909091e-01,5.023345326493738e-01,5.023345313461011e-01,5.023345359489291e-01
1.261837121212121e+00,5.023540425696968e-01,5.023540399838383e-01,5.023540403975757e-01,5.023540419904646e-01,5.023540390529292e-01,5.023540411216162e-01,5.023540389494948e-01,5.023540479999999e-01,5.023540438626264e-01,5.023540417939394e-01
1.262626262626263e+00,5.025100244040402e-01,5.025100285414142e-01,5.025100289034344e-01,5.025100269381818e-01,5.025100278173738e-01,5.025100298343435e-01,5.025100262141414e-01,5.025100280242425e-01,5.025100269898990e-01,5.025100278794344e-01
1.313131313131313e+00,5.122537438383837e-01,5.122537445624242e-01,5.122537451313132e-01,5.122537420282828e-01,5.122537445417373e-01,5.122537438383837e-01,5.122537438383837e-01,5.122537438383838e-01,5.122537417179799e-01,5.122537416145454e-01
1.319444444444444e+00,5.134393382787877e-01,5.134393367272728e-01,5.134393369858586e-01,5.134393328484849e-01,5.134393315555555e-01,5.134393328484848e-01,5.134393328484850e-01,5.134393328484849e-01,5.134393402854140e-01,5.134393363135352e-01
1.322601010101010e+00,5.140294981818182e-01,5.140295018123637e-01,5.140295059393940e-01,5.140295014400000e-01,5.140295046464646e-01,5.140294981818182e-01,5.140295036121212e-01,5.140294981818181e-01,5.140295049050506e-01,5.140295009745455e-01
1.322995580808081e+00,5.141031475717173e-01,5.141031496610909e-01,5.141031496404040e-01,5.141031475717172e-01,5.141031498989899e-01,5.141031602424243e-01,5.141031468476769e-01,5.141031421414141e-01,5.141031498989899e-01,5.141031498989899e-01
1.323192866161616e+00,5.141399595959595e-01,5.141399645090908e-01,5.141399595959596e-01,5.141399595959596e-01,5.141399640229494e-01,5.141399595959596e-01,5.141399686464647e-01,5.141399624197173e-01,5.141399660606061e-01,5.141399673535353e-01
1.323291508838384e+00,5.141583704953534e-01,5.141583657373737e-01,5.141583694610100e-01,5.141583639789900e-01,5.141583683749495e-01,5.141583592727271e-01,5.141583705634818e-01,5.141583592727273e-01,5.141583652202021e-01,5.141583703402020e-01
1.323390151515151e+00,5.141767589494948e-01,5.141767732751515e-01,5.141767732751515e-01,5.141767770505050e-01,5.141767735337374e-01,5.141767716202019e-01,5.141767684138295e-01,5.141767680000001e-01,5.141767744646466e-01,5.141767685378587e-01
1.324179292929293e+00,5.143239201616161e-01,5.143239317979797e-01,5.143239312290910e-01,5.143239326875152e-01,5.143239336080807e-01,5.143239201616161e-01,5.143239304016162e-01,5.143239201616162e-01,5.143239328323232e-01,5.143239308153534e-01
1.325757575757576e+00,5.146179233564444e-01,5.146179296969697e-01,5.146179296969697e-01,5.146179258181819e-01,5.146179250320808e-01,5.146179167676768e-01,5.146179216808080e-01,5.146179167676768e-01,5.146179239563636e-01,5.146179219393938e-01
1.338383838383838e+00,5.169543136969696e-01,5.169543237818180e-01,5.169543195410101e-01,5.169543136969696e-01,5.169543205753536e-01,5.169543136969696e-01,5.169543205753536e-01,5.169543189824648e-01,5.169543161793938e-01,5.169543214545453e-01
1.363636363636364e+00,5.215455263030301e-01,5.215455207175758e-01,5.215455198383838e-01,5.215455263030303e-01,5.215455239757575e-01,5.215455353535352e-01,5.215455224242425e-01,5.215455263030303e-01,5.215455263030303e-01,5.215455224242425e-01
1.376262626262626e+00,5.238011927272727e-01,5.238011978989899e-01,5.238011941650101e-01,5.238011952614142e-01,5.238011953027878e-01,5.238011909171717e-01,5.238011953131313e-01,5.238011904827474e-01,5.238011978989899e-01,5.238011953131313e-01
1.379419191919192e+00,5.243610207676768e-01,5.243610246464646e-01,5.243610218020200e-01,5.243610117171716e-01,5.243610268185859e-01,5.243610298181817e-01,5.243610250291718e-01,5.243610298181817e-01,5.243610199402020e-01,5.243610213469090e-01
1.380208333333333e+00,5.245007243636363e-01,5.245007285216970e-01,5.245007321212121e-01,5.245007243636364e-01,5.245007285010100e-01,5.245007255945049e-01,5.245007270839595e-01,5.245007243636364e-01,5.245007334141415e-01,5.245007274666666e-01
1.380602904040404e+00,5.245705399595958e-01,5.245705408387878e-01,5.245705408387878e-01,5.245705443038384e-01,5.245705406319192e-01,5.245705490101009e-01,5.245705414076766e-01,5.245705309090910e-01,5.245705371151516e-01,5.245705438383838e-01
1.380800189393939e+00,5.246054296565656e-01,5.246054378278788e-01,5.246054406723233e-01,5.246054477575757e-01,5.246054399999999e-01,5.246054387070705e-01,5.246054374141415e-01,5.246054296565658e-01,5.246054390070304e-01,5.246054418101010e-01
1.380898832070707e+00,5.246228832297374e-01,5.246228842020201e-01,5.246228843054546e-01,5.246228828886603e-01,5.246228854949494e-01,5.246228880808080e-01,5.246228831780202e-01,5.246228880808080e-01,5.246228838917172e-01,5.246228842020201e-01
1.380997474747475e+00,5.246403284040404e-01,5.246403291797980e-01,5.246403302658585e-01,5.246403302760653e-01,5.246403309898989e-01,5.246403302141415e-01,5.246403284040404e-01,5.246403284040404e-01,5.246403309898989e-01,5.246403302244849e-01
1.381786616161616e+00,5.247798292686868e-01,5.247798294238384e-01,5.247798323717171e-01,5.247798321131313e-01,5.247798322165657e-01,5.247798328888887e-01,5.247798345541818e-01,5.247798328888889e-01,5.247798339749495e-01,5.247798290101010e-01
1.382181186868687e+00,5.248495489292927e-01,5.248495458262628e-01,5.248495422060606e-01,5.248495427232325e-01,5.248495422060606e-01,5.248495489292928e-01,5.248495415337375e-01,5.248495579797980e-01,5.248495432404040e-01,5.248495450505051e-01
1.382378472222222e+00,5.248844024242424e-01,5.248843919773738e-01,5.248843923393940e-01,5.248843915119193e-01,5.248843925979798e-01,5.248844024242424e-01,5.248843892363636e-01,5.248844024242424e-01,5.248843925979798e-01,5.248843931668687e-01
1.382477114898990e+00,5.249018083555554e-01,5.249018122343435e-01,5.249018130101010e-01,5.249018117171718e-01,5.249018141995959e-01,5.249018065454545e-01,5.249018110448485e-01,5.249018065454546e-01,5.249018119757576e-01,5.249018119757576e-01
1.382575757575758e+00,5.249192305777778e-01,5.249192334222222e-01,5.249192313535355e-01,5.249192298020202e-01,5.249192326464647e-01,5.249192283623962e-01,5.249192297503030e-01,5.249192378181816e-01,5.249192289228283e-01,5.249192274747475e-01
1.388888888888889e+00,5.260308009373738e-01,5.260308071124040e-01,5.260308119014141e-01,5.260308089949091e-01,5.260308089535353e-01,5.260308105050505e-01,5.260308069158787e-01,5.260308081777777e-01,5.260308099258182e-01,5.260308081777778e-01
1.392045454545455e+00,5.265841904484847e-01,5.265841879660607e-01,5.265841907070706e-01,5.265841914828284e-01,5.265841865696971e-01,5.265841907070706e-01,5.265841896520405e-01,5.265841904484849e-01,5.265841894141414e-01,5.265841907070706e-01
1.392834595959596e+00,5.267222884848485e-01,5.267222830545455e-01,5.267222840164848e-01,5.267222824339394e-01,5.267222864161616e-01,5.267222807272728e-01,5.267222833131312e-01,5.267222884848486e-01,5.267222846060606e-01,5.267222858989898e-01
1.393229166666667e+00,5.267912985858585e-01,5.267912985858587e-01,5.267912980893736e-01,5.267912943036768e-01,5.267912963620202e-01,5.267912921212121e-01,5.267912965171717e-01,5.267912985858587e-01,5.267912944484849e-01,5.267912947070708e-01
1.393327809343434e+00,5.268085397979797e-01,5.268085445559596e-01,5.268085453524041e-01,5.268085423838383e-01,5.268085462626263e-01,5.268085449696970e-01,5.268085462626263e-01,5.268085407847560e-01,5.268085449696970e-01,5.268085423838383e-01
1.393426452020202e+00,5.268257991111110e-01,5.268257903191920e-01,5.268257908363636e-01,5.268257902674749e-01,5.268257898020202e-01,5.268257889228284e-01,5.268257903191920e-01,5.268257881991036e-01,5.268257939393940e-01,5.268257916121211e-01
1.393623737373737e+00,5.268602808113131e-01,5.268602789494949e-01,5.268602789494949e-01,5.268602812767677e-01,5.268602793115152e-01,5.268602792701413e-01,5.268602789494949e-01,5.268602801753941e-01,5.268602828282827e-01,5.268602789494949e-01
1.395202020202020e+00,5.271359707797978e-01,5.271359731794748e-01,5.271359743999999e-01,5.271359720003232e-01,5.271359740896970e-01,5.271359806060604e-01,5.271359730553536e-01,5.271359715555557e-01,5.271359751964444e-01,5.271359767272727e-01
1.401515151515151e+00,5.282347817373737e-01,5.282347815305051e-01,5.282347814787878e-01,5.282347768242425e-01,5.282347786343434e-01,5.282347827510302e-01,5.282347801858587e-01,5.282347830303031e-01,5.282347783240404e-01,5.282347796686868e-01
1.414141414141414e+00,5.304135134383838e-01,5.304135154553536e-01,5.304135154553536e-01,5.304135201616161e-01,5.304135144727272e-01,5.304135152484848e-01,5.304135144727272e-01,5.304135124040404e-01,5.304135201616161e-01,5.304135124040404e-01
1.439393939393939e+00,5.346968676848484e-01,5.346968681503030e-01,5.346968674262627e-01,5.346968694949495e-01,5.346968698052526e-01,5.346968694949495e-01,5.346968682020203e-01,5.346968685330101e-01,5.346968698052526e-01,5.346968700638383e-01
1.442550505050505e+00,5.352254588121211e-01,5.352254603636364e-01,5.352254603636364e-01,5.352254582949496e-01,5.352254572606060e-01,5.352254629494948e-01,5.352254613979799e-01,5.352254572606061e-01,5.352254616565656e-01,5.352254613979799e-01
1.442649147727273e+00,5.352419558113710e-01,5.352419515216162e-01,5.352419524525253e-01,5.352419551521617e-01,5.352419545729292e-01,5.352419544694950e-01,5.352419536937374e-01,5.352419516767677e-01,5.352419539833535e-01,5.352419522973738e-01
1.442747790404041e+00,5.352584464790243e-01,5.352584460929294e-01,5.352584460929294e-01,5.352584442828283e-01,5.352584470031515e-01,5.352584468686868e-01,5.352584470755555e-01,5.352584468686868e-01,5.352584468686868e-01,5.352584467962829e-01
1.442945075757576e+00,5.352914307496354e-01,5.352914333737375e-01,5.352914305292931e-01,5.352914287191920e-01,5.352914274262627e-01,5.352914263919191e-01,5.352914305292930e-01,5.352914307878787e-01,5.352914285123233e-01,5.352914257713132e-01
1.443339646464647e+00,5.353573722944546e-01,5.353573753535354e-01,5.353573709575759e-01,5.353573738020202e-01,5.353573735434343e-01,5.353573746398383e-01,5.353573741743839e-01,5.353573763878787e-01,5.353573727676768e-01,5.353573715781819e-01
1.444128787878788e+00,5.354891925979799e-01,5.354891920808079e-01,5.354891906844446e-01,5.354891916670708e-01,5.354891925566060e-01,5.354891931151518e-01,5.354891931668686e-01,5.354891920808079e-01,5.354891939943436e-01,5.354891918222222e-01
1.445707070707071e+00,5.357525553131313e-01,5.357525527272727e-01,5.357525547442424e-01,5.357525578989899e-01,5.357525527789898e-01,5.357525527272727e-01,5.357525532444444e-01,5.357525524686868e-01,5.357525522618182e-01,5.357525535030303e-01
1.452020202020202e+00,5.368022685633939e-01,5.368022662464647e-01,5.368022693494949e-01,5.368022677979799e-01,5.368022668153536e-01,5.368022690909090e-01,5.368022685737374e-01,5.368022652121213e-01,5.368022677462625e-01,5.368022669705050e-01
1.464646464646465e+00,5.388839851183838e-01,5.388839822222222e-01,5.388839840323232e-01,5.388839866181818e-01,5.388839834841211e-01,5.388839829979798e-01,5.388839867216163e-01,5.388839873939394e-01,5.388839848597979e-01,5.388839861010102e-01
1.515151515151515e+00,5.469813980625455e-01,5.469813981866667e-01,5.469814001519192e-01,5.469813979797981e-01,5.469814003174140e-01,5.469813961179798e-01,5.469814001519192e-01,5.469814000484848e-01,5.469813984969696e-01,5.469813951353535e-01
1.616161616161616e+00,5.621466181818182e-01,5.621466143030303e-01,5.621466163717173e-01,5.621466143030305e-01,5.621466181818182e-01,5.621466151305051e-01,5.621466155959596e-01,5.621466181818180e-01,5.621466137858586e-01,5.621466117171715e-01
1.717171717171717e+00,5.760730395306666e-01,5.760730401616161e-01,5.760730401616161e-01,5.760730407925656e-01,5.760730401616161e-01,5.760730407822223e-01,5.760730375757579e-01,5.760730383515151e-01,5.760730422303030e-01,5.760730439059394e-01
1.818181818181818e+00,5.889024387878786e-01,5.889024373915153e-01,5.889024413737374e-01,5.889024418909091e-01,5.889024354262626e-01,5.889024343919191e-01,5.889024323232324e-01,5.889024363571718e-01,5.889024333575759e-01,5.889024323232324e-01
1.919191919191919e+00,6.007574535240404e-01,6.007574538860606e-01,6.007574531620201e-01,6.007574527999999e-01,6.007574538033132e-01,6.007574522828282e-01,6.007574561616164e-01,6.007574572993940e-01,6.007574527999999e-01,6.007574546101010e-01
2.020202020202020e+00,6.117443281454545e-01,6.117443284557574e-01,6.117443284040404e-01,6.117443273696971e-01,6.117443295935355e-01,6.117443307313132e-01,6.117443286626262e-01,6.117443276799999e-01,6.117443294383840e-01,6.117443309898989e-01
2.121212121212121e+00,6.219552501656567e-01,6.219552511793131e-01,6.219552509414141e-01,6.219552502173737e-01,6.219552555959595e-01,6.219552473212122e-01,6.219552494933331e-01,6.219552502173735e-01,6.219552479418180e-01,6.219552494933333e-01
2.222222222222222e+00,6.314703909753536e-01,6.314703933543435e-01,6.314703900444444e-01,6.314703903030303e-01,6.314703946989900e-01,6.314703906236768e-01,6.314703890101010e-01,6.314703934474342e-01,6.314703934060606e-01,6.314703918545453e-01
2.323232323232323e+00,6.403596730698990e-01,6.403596673292928e-01,6.403596747765656e-01,6.403596735353536e-01,6.403596725527272e-01,6.403596706909090e-01,6.403596727595962e-01,6.403596735353535e-01,6.403596721389897e-01,6.403596734836363e-01
2.424242424242424e+00,6.486842285252525e-01,6.486842345244443e-01,6.486842285252525e-01,6.486842259393940e-01,6.486842336969697e-01,6.486842302319192e-01,6.486842311111112e-01,6.486842375757575e-01,6.486842295595959e-01,6.486842285252524e-01
2.525252525252525e+00,6.564976955474746e-01,6.564976983919194e-01,6.564977002020203e-01,6.564976960646465e-01,6.564976958060605e-01,6.564976999434344e-01,6.564977002020201e-01,6.564976980816161e-01,6.564976982884849e-01,6.564976989090908e-01
2.626262626262626e+00,6.638472466101010e-01,6.638472457309091e-01,6.638472477995960e-01,6.638472468686869e-01,6.638472468686869e-01,6.638472507474746e-01,6.638472468686869e-01,6.638472479030303e-01,6.638472481616163e-01,6.638472466101010e-01
2.727272727272727e+00,6.707745168808080e-01,6.707745176565656e-01,6.707745202424243e-01,6.707745135191919e-01,6.707745163636364e-01,6.707745147604040e-01,6.707745150707072e-01,6.707745171393938e-01,6.707745176565657e-01,6.707745151637980e-01
2.828282828282828e+00,6.773163532929293e-01,6.773163507070706e-01,6.773163522585856e-01,6.773163507070706e-01,6.773163571717171e-01,6.773163558787879e-01,6.773163514828283e-01,6.773163496727272e-01,6.773163571717172e-01,6.773163509656566e-01
2.929292929292929e+00,6.835054714052526e-01,6.835054692848483e-01,6.835054723361615e-01,6.835054713535355e-01,6.835054760080806e-01,6.835054692848483e-01,6.835054721292929e-01,6.835054722223839e-01,6.835054685090909e-01,6.835054739393939e-01
3.030303030303030e+00,6.893710028282829e-01,6.893710002424243e-01,6.893710020525252e-01,6.893710036040405e-01,6.893710028282829e-01,6.893710054141413e-01,6.893710028282829e-01,6.893710022387072e-01,6.893709994666668e-01,6.893710024145454e-01
3.131313131313131e+00,6.949389543692930e-01,6.949389536969698e-01,6.949389575757573e-01,6.949389546278788e-01,6.949389544727274e-01,6.949389575757575e-01,6.949389573171717e-01,6.949389596444445e-01,6.949389562828284e-01,6.949389563862625e-01
3.232323232323232e+00,7.002326215111112e-01,7.002326198975354e-01,7.002326219869091e-01,7.002326264242424e-01,7.002326247175757e-01,7.002326197010101e-01,7.002326189252525e-01,7.002326238383837e-01,7.002326205284849e-01,7.002326238383838e-01
3.333333333333333e+00,7.052729134545453e-01,7.052729147474746e-01,7.052729134545453e-01,7.052729129373737e-01,7.052729144371714e-01,7.052729127201616e-01,7.052729113341415e-01,7.052729121616162e-01,7.052729121098991e-01,7.052729129373738e-01
3.434343434343434e+00,7.100786538537374e-01,7.100786553535355e-01,7.100786576808084e-01,7.100786553535355e-01,7.100786545777777e-01,7.100786543709089e-01,7.100786527676769e-01,7.100786553535352e-01,7.100786579393938e-01,7.100786551156364e-01
3.535353535353535e+00,7.146668386262626e-01,7.146668347474749e-01,7.146668356990710e-01,7.146668396606062e-01,7.146668352646462e-01,7.146668355749496e-01,7.146668371264646e-01,7.146668354094545e-01,7.146668358852525e-01,7.146668388848485e-01
3.636363636363636e+00,7.190528253414141e-01,7.190528267377776e-01,7.190528312371716e-01,7.190528323232324e-01,7.190528297373736e-01,7.190528310303030e-01,7.190528258585858e-01,7.190528284444445e-01,7.190528318060606e-01,7.190528284444444e-01
3.737373737373737e+00,7.232505690505050e-01,7.232505687919192e-01,7.232505700848485e-01,7.232505685333336e-01,7.232505703434342e-01,7.232505672404039e-01,7.232505677575757e-01,7.232505670025051e-01,7.232505687919192e-01,7.232505690505050e-01
3.838383838383838e+00,7.272727272727273e-01,7.272727270141414e-01,7.272727259280808e-01,7.272727272727273e-01,7.272727233939393e-01,7.272727272727273e-01,7.272727232387879e-01,7.272727270141414e-01,7.272727272727273e-01,7.272727270141414e-01
3.939393939393939e+00,7.311308394020202e-01,7.311308412121212e-01,7.311308400950304e-01,7.311308394020204e-01,7.311308394020202e-01,7.311308425050504e-01,7.311308394020202e-01,7.311308399191919e-01,7.311308430222222e-01,7.311308405604849e-01
4.040404040404041e+00,7.348354430707070e-01,7.348354414674747e-01,7.348354422949492e-01,7.348354443636363e-01,7.348354430707070e-01,7.348354437223434e-01,7.348354422949495e-01,7.348354430707070e-01,7.348354430707071e-01,7.348354430707070e-01
4.141414141414141e+00,7.383961712743433e-01,7.383961656888889e-01,7.383961687402022e-01,7.383961729292929e-01,7.383961729292927e-01,7.383961729292930e-01,7.383961706020203e-01,7.383961690505050e-01,7.383961669818182e-01,7.383961710157577e-01
4.242424242424242e+00,7.418218446868686e-01,7.418218446868687e-01,7.418218446868688e-01,7.418218462901012e-01,7.418218483070707e-01,7.418218446868687e-01,7.418218454626262e-01,7.418218431353534e-01,7.418218450075151e-01,7.418218446868687e-01
4.343434343434343e+00,7.451205808872728e-01,7.451205818181816e-01,7.451205801115151e-01,7.451205805252525e-01,7.451205818181817e-01,7.451205789737372e-01,7.451205818181819e-01,7.451205800080809e-01,7.451205818181820e-01,7.451205805252524e-01
4.444444444444445e+00,7.482998269414139e-01,7.482998290101009e-01,7.482998308202022e-01,7.482998291135355e-01,7.482998303030300e-01,7.482998295272725e-01,7.482998331474748e-01,7.482998305616161e-01,7.482998303030302e-01,7.482998303030304e-01
4.545454545454545e+00,7.513664661979796e-01,7.513664659393939e-01,7.513664711111111e-01,7.513664659393940e-01,7.513664649050505e-01,7.513664641810099e-01,7.513664646464647e-01,7.513664651636363e-01,7.513664649050505e-01,7.513664681528890e-01
4.646464646464646e+00,7.543268274424241e-01,7.543268270907474e-01,7.543268264080807e-01,7.543268301627474e-01,7.543268279595959e-01,7.543268266666667e-01,7.543268305454544e-01,7.543268271838383e-01,7.543268274424242e-01,7.543268279595959e-01
4.747474747474747e+00,7.571867795187069e-01,7.571867797979798e-01,7.571867785050503e-01,7.571867801600000e-01,7.571867788153535e-01,7.571867810909091e-01,7.571867790222222e-01,7.571867797979797e-01,7.571867785050503e-01,7.571867801600001e-01
4.848484848484849e+00,7.599517504646462e-01,7.599517489131313e-01,7.599517452929294e-01,7.599517478787879e-01,7.599517452929293e-01,7.599517483959595e-01,7.599517486545457e-01,7.599517452929293e-01,7.599517455515152e-01,7.599517504646465e-01
4.949494949494950e+00,7.626267685236365e-01,7.626267686787880e-01,7.626267666721614e-01,7.626267673858586e-01,7.626267693511113e-01,7.626267649034343e-01,7.626267668686867e-01,7.626267699717172e-01,7.626267688856565e-01,7.626267689373737e-01
5.050505050505050e+00,7.652165162925251e-01,7.652165138101008e-01,7.652165140169697e-01,7.652165142755556e-01,7.652165148444444e-01,7.652165173785859e-01,7.652165163028687e-01,7.652165158787877e-01,7.652165136549492e-01,7.652165158787878e-01
5.151515151515151e+00,7.677253352727270e-01,7.677253357071516e-01,7.677253347555556e-01,7.677253362036365e-01,7.677253378585859e-01,7.677253404444445e-01,7.677253364105052e-01,7.677253365656566e-01,7.677253369173334e-01,7.677253365656564e-01
5.252525252525253e+00,7.701572809696969e-01,7.701572776080806e-01,7.701572807111110e-01,7.701572783838384e-01,7.701572791595960e-01,7.701572783838384e-01,7.701572809696969e-01,7.701572809696969e-01,7.701572809696969e-01,7.701572823660607e-01
5.353535353535354e+00,7.725161221585453e-01,7.725161192727272e-01,7.725161218585859e-01,7.725161209793940e-01,7.725161210828282e-01,7.725161212379797e-01,7.725161222206062e-01,7.725161219103031e-01,7.725161229343031e-01,7.725161218585860e-01
5.454545454545454e+00,7.748053858262629e-01,7.748053902222223e-01,7.748053869123234e-01,7.748053876363638e-01,7.748053876363638e-01,7.748053858262626e-01,7.748053864985860e-01,7.748053897050504e-01,7.748053886603636e-01,7.748053884121211e-01
5.555555555555555e+00,7.770283701010100e-01,7.770283711353536e-01,7.770283713939395e-01,7.770283713939395e-01,7.770283740315151e-01,7.770283729454545e-01,7.770283720662627e-01,7.770283729454545e-01,7.770283701010101e-01,7.770283729971716e-01
5.656565656565657e+00,7.791881606464643e-01,7.791881585777779e-01,7.791881575434345e-01,7.791881611636363e-01,7.791881567676768e-01,7.791881606361213e-01,7.791881573055355e-01,7.791881580606059e-01,7.791881606464647e-01,7.791881606464647e-01
5.757575757575758e+00,7.812876362472726e-01,7.812876360404042e-01,7.812876391951519e-01,7.812876412121212e-01,7.812876370747475e-01,7.812876353680810e-01,7.812876378505051e-01,7.812876396606060e-01,7.812876394020203e-01,7.812876381090906e-01
5.858585858585858e+00,7.833295187264646e-01,7.833295204848485e-01,7.833295204848485e-01,7.833295204848486e-01,7.833295188298990e-01,7.833295191919191e-01,7.833295202262627e-01,7.833295202262627e-01,7.833295202779799e-01,7.833295204848485e-01
5.959595959595959e+00,7.853163485866668e-01,7.853163483797977e-01,7.853163504484847e-01,7.853163474488888e-01,7.853163535515152e-01,7.853163507070706e-01,7.853163506760402e-01,7.853163478626262e-01,7.853163495175760e-01,7.853163507070706e-01
6.060606060606061e+00,7.872505201777779e-01,7.872505210880001e-01,7.872505197640404e-01,7.872505225050507e-01,7.872505212121212e-01,7.872505209018181e-01,7.872505194020202e-01,7.872505199191919e-01,7.872505227636363e-01,7.872505222464646e-01
6.161616161616162e+00,7.891342829898992e-01,7.891342835070706e-01,7.891342868376564e-01,7.891342868686868e-01,7.891342858343435e-01,7.891342855757576e-01,7.891342855757575e-01,7.891342861963635e-01,7.891342841276767e-01,7.891342832484849e-01
6.262626262626262e+00,7.909697609438385e-01,7.909697620298987e-01,7.909697603749495e-01,7.909697616161615e-01,7.909697618230304e-01,7.909697616161615e-01,7.909697654949496e-01,7.909697629090910e-01,7.909697616161618e-01,7.909697623402020e-01
6.363636363636363e+00,7.927589559595959e-01,7.927589517187879e-01,7.927589517705050e-01,7.927589513050505e-01,7.927589536323234e-01,7.927589559595959e-01,7.927589499604041e-01,7.927589513050505e-01,7.927589523393941e-01,7.927589494949495e-01
6.464646464646465e+00,7.945037420606060e-01,7.945037441292931e-01,7.945037420606061e-01,7.945037446464648e-01,7.945037420606060e-01,7.945037420606060e-01,7.945037425777778e-01,7.945037386989897e-01,7.945037433535355e-01,7.945037413882826e-01
6.565656565656566e+00,7.962059170909092e-01,7.962059145050504e-01,7.962059132121211e-01,7.962059150532524e-01,7.962059129535355e-01,7.962059147636363e-01,7.962059140809696e-01,7.962059114020201e-01,7.962059139878788e-01,7.962059129535354e-01
6.666666666666667e+00,7.978671534286870e-01,7.978671528080807e-01,7.978671526012122e-01,7.978671515151515e-01,7.978671522909091e-01,7.978671512565655e-01,7.978671517737375e-01,7.978671515151515e-01,7.978671522909091e-01,7.978671515151514e-01
6.767676767676767e+00,7.994890539959594e-01,7.994890509963636e-01,7.994890521858588e-01,7.994890537373739e-01,7.994890506343434e-01,7.994890503757573e-01,7.994890511515153e-01,7.994890545131313e-01,7.994890522375758e-01,7.994890493414141e-01
6.868686868686869e+00,8.010731225212122e-01,8.010731191595958e-01,8.010731207111110e-01,8.010731196767676e-01,8.010731194698990e-01,8.010731235555555e-01,8.010731220040405e-01,8.010731209696971e-01,8.010731204525254e-01,8.010731207524848e-01
6.969696969696970e+00,8.026207896565652e-01,8.026207870707073e-01,8.026207870707073e-01,8.026207901737373e-01,8.026207895531314e-01,8.026207884670707e-01,8.026207894496969e-01,8.026207865535352e-01,8.026207894496969e-01,8.026207883636363e-01
7.070707070707071e+00,8.041334141155555e-01,8.041334160808082e-01,8.041334173737374e-01,8.041334173737374e-01,8.041334153567677e-01,8.041334173737374e-01,8.041334173737376e-01,8.041334173737374e-01,8.041334168565658e-01,8.041334173737373e-01
7.171717171717171e+00,8.056122841212120e-01,8.056122842763638e-01,8.056122836040405e-01,8.056122867070707e-01,8.056122851555555e-01,8.056122859830304e-01,8.056122843797981e-01,8.056122862002424e-01,8.056122836040404e-01,8.056122841212120e-01
7.272727272727272e+00,8.070586221123230e-01,8.070586212848485e-01,8.070586225777776e-01,8.070586212331314e-01,8.070586203022223e-01,8.070586210572929e-01,8.070586191644444e-01,8.070586246464646e-01,8.070586246464646e-01,8.070586212848486e-01
7.373737373737374e+00,8.084735901530503e-01,8.084735868121212e-01,8.084735878981818e-01,8.084735883636365e-01,8.084735893979798e-01,8.084735880740203e-01,8.084735883636365e-01,8.084735870707070e-01,8.084735870707072e-01,8.084735870707070e-01
7.474747474747475e+00,8.098582900880810e-01,8.098582914741009e-01,8.098582894157572e-01,8.098582936565657e-01,8.098582949494950e-01,8.098582931393939e-01,8.098582949494949e-01,8.098582936565656e-01,8.098582921050502e-01,8.098582909465856e-01
7.575757575757575e+00,8.112137797818179e-01,8.112137800404040e-01,8.112137806610101e-01,8.112137800404041e-01,8.112137826262624e-01,8.112137809195960e-01,8.112137823676767e-01,8.112137823676767e-01,8.112137823676768e-01,8.112137792646467e-01
7.676767676767676e+00,8.125410591133740e-01,8.125410598787879e-01,8.125410593616162e-01,8.125410598787879e-01,8.125410597236363e-01,8.125410585858586e-01,8.125410603959597e-01,8.125410585858585e-01,8.125410598787880e-01,8.125410593616161e-01
7.777777777777778e+00,8.138410837333334e-01,8.138410820783839e-01,8.138410819232323e-01,8.138410834747474e-01,8.138410834747474e-01,8.138410834747474e-01,8.138410834747474e-01,8.138410860606060e-01,8.138410834747476e-01,8.138410834747473e-01
7.878787878787879e+00,8.151147635846465e-01,8.151147636363637e-01,8.151147636363635e-01,8.151147636363636e-01,8.151147644121212e-01,8.151147607919192e-01,8.151147642259394e-01,8.151147636363635e-01,8.151147644121212e-01,8.151147638949493e-01
7.979797979797979e+00,8.163629690052522e-01,8.163629693155556e-01,8.163629681777779e-01,8.163629697810102e-01,8.163629681777776e-01,8.163629699361618e-01,8.163629696258587e-01,8.163629690052524e-01,8.163629693155556e-01,8.163629693155555e-01
8.080808080808081e+00,8.175865295282428e-01,8.175865271078789e-01,8.175865302626263e-01,8.175865279353535e-01,8.175865288662626e-01,8.175865279353534e-01,8.175865300040404e-01,8.175865276767676e-01,8.175865276767678e-01,8.175865279353535e-01
8.181818181818182e+00,8.187862357850504e-01,8.187862380606062e-01,8.187862367676767e-01,8.187862396121213e-01,8.187862396121213e-01,8.187862371193535e-01,8.187862357850505e-01,8.187862354747475e-01,8.187862379571719e-01,8.187862375434342e-01
8.282828282828282e+00,8.199628505212122e-01,8.199628541414141e-01,8.199628528484847e-01,8.199628502626263e-01,8.199628501074745e-01,8.199628523313131e-01,8.199628541414141e-01,8.199628489696968e-01,8.199628528484847e-01,8.199628484525252e-01
8.383838383838384e+00,8.211170942707072e-01,8.211170955636364e-01,8.211170973737373e-01,8.211170929777778e-01,8.211170929777777e-01,8.211170931846464e-01,8.211170957705051e-01,8.211170955636363e-01,8.211170933915153e-01,8.211170939086867e-01
8.484848484848484e+00,8.222496636224647e-01,8.222496633535353e-01,8.222496646464647e-01,8.222496633535353e-01,8.222496636431517e-01,8.222496646464644e-01,8.222496646464648e-01,8.222496637258991e-01,8.222496626294951e-01,8.222496632501010e-01
8.585858585858587e+00,8.233612203701011e-01,8.233612231111110e-01,8.233612231111112e-01,8.233612231111112e-01,8.233612215595958e-01,8.233612194909090e-01,8.233612206286868e-01,8.233612204735351e-01,8.233612220767675e-01,8.233612203701010e-01
8.686868686868687e+00,8.244524030448483e-01,8.244524024242422e-01,8.244524023311515e-01,8.244524014105860e-01,8.244524024242424e-01,8.244524023311515e-01,8.244523990626260e-01,8.244524034585856e-01,8.244524024242423e-01,8.244524031999999e-01
8.787878787878787e+00,8.255238193027880e-01,8.255238178650505e-01,8.255238180202019e-01,8.255238188993939e-01,8.255238176581821e-01,8.255238154343433e-01,8.255238180202020e-01,8.255238167272729e-01,8.255238180202021e-01,8.255238188993937e-01
8.888888888888889e+00,8.265760504242422e-01,8.265760545098990e-01,8.265760536617375e-01,8.265760507862626e-01,8.265760533721211e-01,8.265760530101011e-01,8.265760518723231e-01,8.265760540444443e-01,8.265760528032322e-01,8.265760543030305e-01
8.989898989898990e+00,8.276096685252525e-01,8.276096687838385e-01,8.276096659393939e-01,8.276096687321213e-01,8.276096664565658e-01,8.276096687838383e-01,8.276096672323232e-01,8.276096685252525e-01,8.276096687838383e-01,8.276096680080808e-01
9.090909090909090e+00,8.286252006141411e-01,8.286252024242426e-01,8.286252016071113e-01,8.286252021139394e-01,8.286252034068686e-01,8.286252024242425e-01,8.286252024242423e-01,8.286251997349494e-01,8.286252006141412e-01,8.286252024759597e-01
9.191919191919192e+00,8.296231703272723e-01,8.296231708444443e-01,8.296231718787878e-01,8.296231708444446e-01,8.296231667070705e-01,8.296231703272728e-01,8.296231711030303e-01,8.296231697170099e-01,8.296231692929290e-01,8.296231711030306e-01
9.292929292929292e+00,8.306040721842425e-01,8.306040694949494e-01,8.306040707878789e-01,8.306040715636365e-01,8.306040707878788e-01,8.306040697535353e-01,8.306040694949496e-01,8.306040707878789e-01,8.306040728565657e-01,8.306040694949495e-01
9.393939393939394e+00,8.315683788282829e-01,8.315683814141412e-01,8.315683814141414e-01,8.315683828105052e-01,8.315683814141412e-01,8.315683814141414e-01,8.315683839999999e-01,8.315683833897373e-01,8.315683835345453e-01,8.315683825002020e-01
9.494949494949495e+00,8.325165614545454e-01,8.325165619717173e-01,8.325165614545454e-01,8.325165614028283e-01,8.325165640404042e-01,8.325165614545454e-01,8.325165615062626e-01,8.325165602650505e-01,8.325165601616161e-01,8.325165614545453e-01
9.595959595959595e+00,8.334490502464645e-01,8.334490502878386e-01,8.334490517979799e-01,8.334490504016163e-01,8.334490505050505e-01,8.334490485915153e-01,8.334490494707071e-01,8.334490481777777e-01,8.334490505050505e-01,8.334490511773737e-01
9.696969696969697e+00,8.343662713535355e-01,8.343662752323231e-01,8.343662762666666e-01,8.343662735256566e-01,8.343662751599190e-01,8.343662746117173e-01,8.343662750254546e-01,8.343662735256566e-01,8.343662739393941e-01,8.343662740324849e-01
9.797979797979798e+00,8.352686442020201e-01,8.352686397026262e-01,8.352686418747473e-01,8.352686403232323e-01,8.352686439434344e-01,8.352686405611314e-01,8.352686421333335e-01,8.352686439434344e-01,8.352686416161615e-01,8.352686415644444e-01
9.898989898989900e+00,8.361565452929292e-01,8.361565478787880e-01,8.361565465858587e-01,8.361565493785857e-01,8.361565491717172e-01,8.361565469478788e-01,8.361565481994344e-01,8.361565452929293e-01,8.361565478787878e-01,8.361565465341415e-01
1.000000000000000e+01,8.370303723830304e-01,8.370303707797979e-01,8.370303674181817e-01,8.370303702626264e-01,8.370303684525253e-01,8.370303716589897e-01,8.370303711625051e-01,8.370303710383840e-01,8.370303714004043e-01,8.370303715555554e-01
