r,r1,r2,n1,n2
0.0,0.0,0.0,0.0,0.0
0.07987987987987988,0.03803804265592624,0.04184183722395364,0.0,0.0
0.15975975975975976,0.07607605954244218,0.08368370021731758,0.0,0.0
0.23963963963963963,0.11411409728275895,0.12552554235688068,0.0,0.0
0.3195195195195195,0.15215216377139995,0.16736735574811956,0.0,0.0
0.3993993993993994,0.19019019348578023,0.20920920591361916,0.0,0.0
0.47927927927927927,0.22822820572343114,0.2510510735558481,0.0,0.0
0.5591591591591591,0.26626622871327504,0.2928929304458841,0.0,0.0
0.639039039039039,0.3043042555801811,0.33473478345885793,0.0,0.0
0.7189189189189189,0.3423423422009165,0.3765765767180024,0.0,0.0
0.7987987987987988,0.38038028767373916,0.4184185111250596,0.0,0.0
0.8786786786786787,0.4184183139691526,0.4602603647095261,0.0,0.0
0.9585585585585585,0.4564564066852302,0.5021021518733284,0.0,0.0
1.0384384384384384,0.4944945088521705,0.5439439295862679,0.0,0.0
1.1183183183183183,0.5325325522273735,0.5857857660909448,0.0,0.0
1.1981981981981982,0.5705705141742713,0.6276276840239269,0.0,0.0
1.278078078078078,0.6086086390071309,0.6694694390709471,0.0,0.0
1.357957957957958,0.646646661973386,0.7113112959845719,0.0,0.0
1.4378378378378378,0.684684791969707,0.7531530458681308,0.0,0.0
1.5177177177177177,0.7227227483948316,0.794994969322886,0.0,0.0
1.5975975975975976,0.7607606623908767,0.8368369352067209,0.0,0.0
1.6774774774774774,0.7987987454230845,0.878678732054393,0.0,0.0
1.7573573573573573,0.8368368057237268,0.9205205516336306,0.0,0.0
1.8372372372372372,0.8748748238056728,0.9623624134315644,0.0,0.0
1.917117117117117,0.9129129760673775,1.0042041410497395,0.0,0.0
1.996996996996997,0.9509509340396392,1.0460460629573578,0.0,0.0
2.076876876876877,0.988989024312139,1.0878878525647377,0.0,0.0
2.1567567567567565,1.0270270887767947,1.1297296679799618,0.0,0.0
2.2366366366366366,1.0650651333417944,1.1715715032948422,0.0,0.0
2.3165165165165167,1.1031031953927832,1.2134133211237335,0.0,0.0
2.3963963963963963,1.1411412393874834,1.255255157008913,0.0,0.0
2.476276276276276,1.179179102146832,1.297097174129444,0.0,0.0
2.556156156156156,1.217217302673628,1.3389388534825282,0.0,0.0
2.636036036036036,1.2552553026238233,1.3807807334122129,0.0,0.0
2.715915915915916,1.2932932078574715,1.4226227080584444,0.0,0.0
2.7957957957957955,1.3313313808900216,1.464464414905774,0.0,0.0
2.8756756756756756,1.3693693026540956,1.50630637302158,0.0,0.0
2.9555555555555557,1.4074073414028716,1.548148214152684,0.0,0.0
3.0354354354354354,1.4454454035871036,1.5899900318483318,0.0,0.0
3.115315315315315,1.4834834416799665,1.6318318736353485,0.0,0.0
3.195195195195195,1.5215215057786533,1.6736736894165418,0.0,0.0
3.2750750750750752,1.559559518198078,1.7155155568769973,0.0,0.0
3.354954954954955,1.5975975260138788,1.757357428941076,0.0,0.0
3.4348348348348345,1.635635567565835,1.7991992672689996,0.0,0.0
3.5147147147147146,1.6736737182072388,1.8410409965074759,0.0,0.0
3.5945945945945947,1.7117116723450172,1.8828829222495775,0.0,0.0
3.6744744744744744,1.7497497109221516,1.9247247635523228,0.0,0.0
3.754354354354354,1.787787809076838,1.966566545277516,0.0,0.0
3.834234234234234,1.825825787595299,2.008408446638935,0.0,0.0
3.9141141141141143,1.8638638254472117,2.0502502886669025,0.0,0.0
3.993993993993994,1.901901894251601,2.092092099742393,0.0,0.0
4.073873873873874,1.9399399633522392,2.1339339105216344,0.0,0.0
4.153753753753754,1.9779779344011814,2.1757758193525722,0.0,0.0
4.233633633633634,2.0160160345291667,2.217617599104467,0.0,0.0
4.313513513513513,2.0540540333797703,2.2594594801337426,0.0,0.0
4.393393393393393,2.092092062608464,2.3013013307849293,0.0,0.0
4.473273273273273,2.1301301579655743,2.343143115307699,0.0,0.0
4.553153153153153,2.1704936028950383,2.382659550258115,0.00029278981182524776,0.0
4.633033033033033,2.21010345004409,2.4229295829889432,0.001197417742607247,0.0007124703870957559
4.712912912912913,2.2483154048532037,2.464597508059709,0.0020806442407985985,0.001579607865041655
4.792792792792793,2.286533150748855,2.5062596420439376,0.0029743437804704794,0.002456763034838497
4.872672672672673,2.324754147538159,2.547918525134514,0.0038780610119933017,0.0033437841132764167
4.952552552552552,2.3629772076215843,2.5895753449309677,0.004791492368947341,0.004240519317145553
5.032432432432432,2.4012021549618257,2.6312302774706064,0.005714334284912871,0.005146665080026179
5.112312312312312,2.4394341065201677,2.6728782057921445,0.0066468903263096155,0.006061917835498571
5.192192192192192,2.4776679991096993,2.714524193082493,0.0075882497938784006,0.006985974017143003
5.272072072072072,2.5159037651033085,2.756168306968764,0.008538412687619226,0.007918833624959473
5.351951951951952,2.5541492589345345,2.797802693017417,0.009497682573951815,0.008859889526108534
5.431831831831832,2.5923912327992316,2.8394405990326,0.010464845187197269,0.009809445287009909
5.511711711711712,2.6306403291763676,2.8810713825353442,0.011440507660195037,0.010766893774824145
5.591591591591591,2.6688939074319293,2.9226976841596617,0.012424062860105663,0.01173193142313152
5.671471471471471,2.707146439178682,2.964325032292789,0.013415207220509432,0.012704861798351758
5.751351351351351,2.745406151790588,3.005945199560763,0.014414244307826063,0.013685077767645404
5.831231231231231,2.7836674871115132,3.047563744119718,0.015420566989216107,0.014672579331012466
5.911111111111111,2.821930457323972,3.0891806537871394,0.016433871698259835,0.015667062922033216
5.990990990990991,2.8601978021408603,3.1307931888501304,0.01745446200137698,0.01666852854070765
6.070870870870871,2.8984695968698984,3.1724012740009724,0.018481730765728076,0.01767636905419632
6.150750750750751,2.936742867179786,3.214007883570965,0.01951567799131314,0.01869088802891895
6.23063063063063,2.975020471968463,3.255610158662167,0.02055600011171244,0.01971147833203609
6.31051051051051,3.0132995874740423,3.297210923036468,0.021602697126925977,0.020738443529967468
6.39039039039039,3.0515860430511736,3.3388043473392166,0.022655769036953745,0.02177117648987363
6.47027027027027,3.0898680075873317,3.3804022626829386,0.023714305142536578,0.022809980778174296
6.5501501501501505,3.128157290119503,3.4219928600306475,0.02477891257651392,0.02385424926203003
6.63003003003003,3.1664508183985176,3.463579211631512,0.025849287772466038,0.024903981941440827
6.70990990990991,3.2047487590740076,3.505161150835902,0.02692512716397322,0.025958875249986947
6.78978978978979,3.2430480356392697,3.54674175415052,0.028006430751035462,0.027019232754088126
6.869669669669669,3.281345589542025,3.588324080127644,0.029092591400813314,0.028084750887324643
6.949549549549549,3.3196504692746718,3.6298990802748774,0.030184216246146225,0.029155126083276767
7.029429429429429,3.3579566085995007,3.6714728208299285,0.031280698154194736,0.030230358341944496
7.109309309309309,3.3962731986098484,3.713036110699461,0.03238264425779832,0.03131014409690811
7.1891891891891895,3.434587979516006,3.7546012096731833,0.03348884029127805,0.03239448334816761
7.269069069069069,3.4728977399593366,3.796171329109732,0.034599286254633946,0.03348367966214272
7.348948948948949,3.5112179930816456,3.837730955867303,0.03571458928070544,0.03457682233957426
7.428828828828829,3.549545676559455,3.879283152269374,0.03683474936949254,0.035674214946881944
7.508708708708708,3.5878682515441467,3.9208404571645614,0.03795855225531635,0.036775857484065796
7.588588588588588,3.626195091596027,3.9623934969925614,0.03908660507101633,0.03788144638470608
7.668468468468468,3.6645325435187788,4.0039359249496895,0.0402195149494319,0.03899098164880279
7.748348348348348,3.702867966531488,4.04548038181686,0.04135576405846446,0.040104159709936214
7.8282282282282285,3.741204459304638,4.08702376892359,0.042495959530953455,0.04122128413452607
7.908108108108108,3.7795452177261306,4.128562890381977,0.04364010136689887,0.04234205135615261
7.987987987987988,3.8178870183564877,4.1701009696315,0.044787885999881,0.043466461374815885
8.067867867867868,3.8562298250406997,4.211638042827168,0.04593931342989983,0.04459451419051585
8.147747747747747,3.8945833955275697,4.253164352220177,0.0470946872233751,0.045725602670413076
8.227627627627628,3.9329445441869333,4.294683083440695,0.04825370381388707,0.046859726814507556
8.307507507507507,3.971300168179618,4.336207339327889,0.0494157560685963,0.04799749375563875
8.387387387387387,4.009650161140664,4.3777372262467225,0.050580843987502774,0.04913890349380663
8.467267267267268,4.048014294441486,4.419252972825782,0.05174957470344597,0.050282741763332334
8.547147147147147,4.086386009326733,4.4607611378204135,0.05292194821642586,0.05142961569705527
8.627027027027026,4.124752067637474,4.502274959389552,0.05409675026076355,0.05257952529497549
8.706906906906907,4.16312568698054,4.543781219926367,0.05527519510213796,0.053732470557092946
8.786786786786786,4.201500221193367,4.585286565593419,0.05645667560770961,0.05488845148340767
8.866666666666667,4.239882392220882,4.626784274445785,0.05764119177747853,0.05604686094108019
8.946546546546546,4.278272233121482,4.668274313425064,0.05882874361144469,0.057207698930110504
9.026426426426426,4.316656239994563,4.709770186431863,0.06001872397676866,0.05837157258333808
9.106306306306307,4.355041081661649,4.751265224644658,0.061211740006289886,0.05953848190076293
9.186186186186186,4.393440401121719,4.792745785064467,0.062407791700008375,0.0607072126167061
9.266066066066067,4.43183377713029,4.834232288935777,0.06360627192508465,0.061878978996846544
9.345945945945946,4.470241692629072,4.875704253316874,0.06480778781435821,0.06305256677550534
9.425825825825825,4.508643606591177,4.917182219234649,0.06601173223498956,0.06422919021836139
9.505705705705706,4.547046348427671,4.9586593572780355,0.06721810518697868,0.06540824219257525
9.585585585585585,4.585463698370034,5.000121887215552,0.06842751380316511,0.06658911556530746
9.665465465465465,4.62388189600325,5.041583569462214,0.0696393509507093,0.06777241746939745
9.745345345345346,4.662300913730233,5.083044431615113,0.07085361662961132,0.06895814790484528
9.825225225225225,8.618337163342465,1.2068880618827595,0.9792934309441037,0.0
9.905105105105104,8.688486935429033,1.216618169676071,0.9793796438073057,0.0
9.984984984984985,8.758638891439096,1.2263460935458887,0.9794667673697669,0.0
10.064864864864864,8.828793345017838,1.2360715198470267,0.979555105197907,0.0
10.144744744744745,8.898950027767011,1.2457947169777341,0.9796443537253063,0.0
10.224624624624624,8.969108959960586,1.2555156646640384,0.9797345129519649,0.0
10.304504504504504,9.03927016184726,1.2652343426572443,0.9798255828778825,0.0
10.384384384384385,9.109433965150146,1.274950419234239,0.979917867069479,0.0
10.464264264264264,9.179599989901694,1.2846642743625694,0.9800110619603348,0.0
10.544144144144145,9.249768798971083,1.2943753451730622,0.9801054711168695,0.0
10.624024024024024,9.319939929981967,1.3040840940420573,0.9802007909726632,0.0
10.703903903903903,9.390113445214238,1.313790458689665,0.9802970215277161,0.0
10.783783783783784,9.46028935344206,1.323494430341725,0.9803941627820283,0.0
10.863663663663663,9.53046830703811,1.3331953566255539,0.9804928218684391,0.0
10.943543543543543,9.600649385608019,1.3428941579355236,0.9805920880876893,0.0
11.023423423423424,9.67083324449206,1.3525901789313632,0.9806925685726186,0.0
11.103303303303303,9.741019911367287,1.3622833919360158,0.9807942633232266,0.0
11.183183183183182,9.811209088746084,1.371974094437098,0.9808968687730938,0.0
11.263063063063063,9.88140112484168,1.3816619382213826,0.98100068848864,0.0
11.342942942942942,9.951595717510267,1.3913472254326749,0.9811054189034452,0.0
11.422822822822823,10.021793218171984,1.401029604650839,0.9812113635839294,0.0
11.502702702702702,10.091993655266208,1.4107090474364945,0.9813185225300924,0.0
11.582582582582582,10.162196719329676,1.4203858632529052,0.9814265921755148,0.0
11.662462462462463,10.23240292481455,1.430059537647912,0.981535876086616,0.0
11.742342342342342,10.302611989836786,1.4397303525055563,0.981646374263396,0.0
11.822222222222223,10.37282375244393,1.4493984697782931,0.9817577831394353,0.0
11.902102102102102,10.443038594430817,1.459063507671285,0.9818704062811534,0.0
11.981981981981981,10.513256532840193,1.4687254491417878,0.9819842436885505,0.0
12.061861861861862,10.583477587415627,1.4783842744462348,0.9820992953616265,0.0
12.141741741741741,10.653701784509519,1.488039957232223,0.9822155613003813,0.0
12.22162162162162,10.723929150512047,1.4976924711095734,0.9823330415048152,0.0
12.301501501501502,10.79415971236695,1.5073417891345517,0.9824517359749279,0.0
12.381381381381381,10.864393137198777,1.5169882441826044,0.9825713411442997,0.0
12.46126126126126,10.934630167690468,1.526631093570792,0.9826924641457702,0.0
12.541141141141141,11.004870109676077,1.5362710314650645,0.9828144978464998,0.0
12.62102102102102,11.075113714791176,1.5459073062298447,0.982938049379328,0.0
12.700900900900901,11.14536064745623,1.555540253444672,0.9830628151778352,0.0
12.78078078078078,11.215610934695055,1.565169846085725,0.9831887952420213,0.0
12.86066066066066,11.285864602769093,1.5747960578915663,0.9833159895718864,0.0
12.94054054054054,11.356121677677436,1.5844188628631048,0.9834443981674302,0.0
13.02042042042042,11.426382185909654,1.5940382345107658,0.983574021028653,0.0
13.100300300300301,11.496646533970706,1.6036537663295949,0.9837051617219745,0.0
13.18018018018018,11.566914407219716,1.6132657729604638,0.9838375166809747,0.0
13.26006006006006,11.637185801720722,1.622874258339337,0.983971085905654,0.0
13.33993993993994,11.707460952480867,1.6324789874590735,0.9841061729624317,0.0
13.41981981981982,11.777739865463662,1.6420799543561575,0.9842424742848885,0.0
13.499699699699699,11.848022283218683,1.6516774164810162,0.9843799898730243,0.0
13.57957957957958,11.918308748121378,1.6612708314582019,0.9845190232932586,0.0
13.659459459459459,11.988598900295054,1.6708605591644048,0.9846592709791717,0.0
13.739339339339338,12.05889316480537,1.6804461745339676,0.9848010364971834,0.0
13.81921921921922,12.12919139290855,1.6900278263106685,0.9849443198472939,0.0
13.899099099099098,12.199493503772265,1.6996055953268332,0.9850888174630832,0.0
13.97897897897898,12.26979933376597,1.709179645213009,0.9852345293445515,0.0
14.058858858858859,12.340109770285334,1.7187490885735244,0.9853820626245381,0.0
14.138738738738738,12.410424035287681,1.7283147034510566,0.9855308101702036,0.0
14.218618618618619,12.480742155206796,1.7378764634118227,0.985680771981548,0.0
14.298498498498498,12.551064980519328,1.7474335179791698,0.9858325551914108,0.0
14.378378378378379,12.621391720957435,1.7569866574209438,0.9859855526669524,0.0
14.458258258258258,12.691723235850985,1.7665350224072736,0.9861403715410124,0.0
14.538138138138137,12.762058725860594,1.776079412277543,0.9862964046807513,0.0
14.618018018018018,12.83239863811971,1.7856193798983089,0.9864539556525889,0.0
14.697897897897898,12.902743004461533,1.795154893436365,0.9866130244565251,0.0
14.777777777777777,12.973091857097877,1.8046859206798995,0.9867736110925598,0.0
14.857657657657658,13.043445227947846,1.8142124297098121,0.9869357155606933,0.0
14.937537537537537,13.113803149081278,1.8237343884562591,0.9870993378609254,0.0
15.017417417417416,13.184166084765021,1.8332513326523951,0.9872647815596757,0.0
15.097297297297297,13.254533204628945,1.842764092668352,0.9874314395241051,0.0
15.177177177177176,13.324905407056972,1.852271770120204,0.9875999188870527,0.0
15.257057057057057,13.395282291589679,1.8617747654673789,0.9877699160820989,0.0
15.336936936936937,13.465664331170375,1.8712726057665616,0.9879417346756635,0.0
15.416816816816816,13.536051120617756,1.8807656961990595,0.9881150711013268,0.0
15.496696696696697,13.60644269160295,1.8902540050937464,0.9882899253590887,0.0
15.576576576576576,13.676839523456882,1.8997370531196935,0.9884666010153689,0.0
15.656456456456457,13.747241204306262,1.9092152521501955,0.9886447945037478,0.0
15.736336336336336,13.817648217396195,1.9186881189401408,0.988824809390645,0.0
15.816216216216215,13.88806014703739,1.9281560691788258,0.9890063421096409,0.0
15.896096096096096,13.958477480368417,1.9376186157276791,0.9891896962271551,0.0
15.975975975975976,14.028900255451141,1.9470757205248344,0.9893748717431876,0.0
16.055855855855857,14.09932850992296,1.956527345932896,0.9895618686577385,0.0
16.135735735735736,14.169761818738715,1.9659739169970205,0.989750383404388,0.0
16.215615615615615,14.240200691244674,1.9754149243709413,0.989940719549556,0.0
16.295495495495494,14.310645182914152,1.984850312581342,0.9901328770932423,0.0
16.375375375375373,14.38109529821102,1.994280077164353,0.9903268560354469,0.0
16.455255255255256,14.451551327590483,2.0037039276647732,0.9905229599425895,0.0
16.535135135135135,14.522012801605078,2.013122333530058,0.9907205816818309,0.0
16.615015015015015,14.592480008941358,2.0225350060736567,0.9909200248195905,0.0
16.694894894894894,14.662953063101094,2.0319418317938,0.9911212893558685,0.0
16.774774774774773,14.733432252373259,2.0413425224015143,0.9913246788570846,0.0
16.854654654654656,14.803917363481775,2.050737291172881,0.991529889756819,0.0
16.934534534534535,14.874408357571685,2.06012617696285,0.9917369220550718,0.0
17.014414414414414,14.944905757367767,2.069508657046647,0.9919460793182627,0.0
17.094294294294293,15.015409117205062,2.078885177089232,0.9921570579799719,0.0
17.174174174174173,15.085918963949887,2.088255210224286,0.9923701616066192,0.0
17.254054054054052,15.156434830803162,2.0976192232508897,0.9925850866317848,0.0
17.333933933933935,15.22695728518102,2.106976648752914,0.9928021366218887,0.0
17.413813813813814,15.29748636164054,2.116327452173273,0.9930213115769304,0.0
17.493693693693693,15.368021578202955,2.1256721154907385,0.9932423079304906,0.0
17.573573573573572,15.43856371875102,2.1350098548225525,0.9934654292489888,0.0
17.65345345345345,15.509112362222343,2.1443410912311087,0.9936906755324252,0.0
17.733333333333334,15.579667827585718,2.1536655057476164,0.9939180467807995,0.0
17.813213213213213,15.650230150585637,2.1629830626275766,0.994147542994112,0.0
17.893093093093093,15.72079934418231,2.172293748910782,0.9943791641723626,0.0
17.972972972972972,15.791375450526242,2.1815975224467294,0.9946129103155512,0.0
18.05285285285285,15.861958511757175,2.1908943410956763,0.9948487814236779,0.0
18.132732732732734,15.932549085563723,2.200183647169011,0.9950870810631625,0.0
18.212612612612613,16.003146702320315,2.209465910292298,0.9953275056675851,0.0
18.292492492492492,16.073751403292967,2.2187410891995256,0.9955700552369458,0.0
18.37237237237237,16.144363751856112,2.2280086205162597,0.9958150333376642,0.0
18.45225225225225,16.214983272204208,2.237268980048043,0.9960621364033208,0.0
18.532132132132134,16.285610531875694,2.2465216002564397,0.9963116680003351,0.0
18.612012012012013,16.356245578390986,2.2557664336210266,0.9965636281287072,0.0
18.691891891891892,16.426887928941323,2.265003962950569,0.9968177132220176,0.0
18.77177177177177,16.497538156870164,2.2742336149016076,0.9970742268466856,0.0
18.85165165165165,16.568196309353866,2.283455342297785,0.9973331690027115,0.0
18.93153153153153,16.63886243342924,2.292669098102291,0.9975945396900952,0.0
19.011411411411412,16.7095365759588,2.3018748354526117,0.9978583389088366,0.0
19.09129129129129,16.78021878372737,2.311072507563921,0.9981245666589359,0.0
19.17117117117117,16.85090937460158,2.3202617965695893,0.9983933747236028,0.0
19.25105105105105,16.9216081258782,2.329442925172849,0.9986646113196275,0.0
19.33093093093093,16.99231535719231,2.3386155737386183,0.9989384282302199,0.0
19.410810810810812,17.063030843521844,2.347779967288968,0.9992146736721701,0.0
19.49069069069069,17.133755181539723,2.3569355091509685,0.9994936512118978,0.0
19.57057057057057,17.20448814696257,2.366082423607999,0.9997752090661933,0.0
19.65045045045045,17.275121355741504,2.3753290947089454,1.0,0.0
19.73033033033033,17.3453454309145,2.38498489941583,1.0,0.0
19.810210210210208,17.412832196362725,2.397378013847483,1.0,0.00018578264887200791
19.89009009009009,17.478816622616815,2.4112734674732756,1.0,0.0004717422162534318
19.96996996996997,17.544733107451314,2.4252368625186556,1.0,0.0007601303149926598
20.04984984984985,17.61057451525129,2.439275334598559,1.0,0.00105140229471928
20.12972972972973,17.67634495521986,2.4533847745098676,1.0,0.001345254589013567
20.209609609609608,17.742041774483,2.4675678351266086,1.0,0.0016418389810853836
20.28948948948949,17.807664573428642,2.481824916060848,1.0,0.0019411554709347295
20.36936936936937,17.873212953887805,2.4961564154815647,1.0,0.002243204058561605
20.44924924924925,17.938686402955305,2.5105628462939436,1.0,0.0025479847439660104
20.529129129129128,18.00408244927151,2.525046679857617,1.0,0.0028556493103578076
20.609009009009007,18.06940056192282,2.539608447086188,1.0,0.0031661977577369968
20.68888888888889,18.13464264770626,2.5542462411826286,1.0,0.0034794783028937164
20.76876876876877,18.199803655666088,2.5689651131026814,1.0,0.003795794512247691
20.84864864864865,18.26488782553445,2.583760823114197,1.0,0.004114842819379194
20.928528528528528,18.329890079182512,2.5986384493460157,1.0,0.004436926790707954
21.008408408408407,18.39480998439756,2.6135984240108456,1.0,0.004762046426233967
21.08828828828829,18.459647110537027,2.6286411777512626,1.0,0.005090201725957237
21.16816816816817,18.524405765784838,2.643762402383331,1.0,0.005421089123458034
21.248048048048048,18.589076064880373,2.6589719831676746,1.0,0.005755315751575813
21.327927927927927,18.653662304290677,2.6742656236372504,1.0,0.006092578043890847
21.407807807807806,18.718164060335173,2.6896437474726334,1.0,0.006432876000403136
21.487687687687686,18.78258091159381,2.7051067760938743,1.0,0.00677620962111268
21.56756756756757,18.846907625953087,2.720659941614482,1.0,0.007122882472439205
21.647447447447448,18.911148567383897,2.7362988800635506,1.0,0.007472590987962984
21.727327327327327,2.244936470211358,19.48239085711597,0.002002172321299556,1.0
21.807207207207206,2.2571540500255685,19.550053157181637,0.002286462273372489,1.0
21.887087087087085,2.2694353712081767,19.617651715878907,0.00257333254001309,1.0
21.966966966966968,2.281778305847361,19.685188661119607,0.0028626313380114943,1.0
22.046846846846847,2.2941832017298704,19.752663645116975,0.0031543586673677022,1.0
22.126726726726726,2.3066548431858642,19.820071883540862,0.0034488180945014403,1.0
22.206606606606606,2.319193393902467,19.88741321270414,0.003746009619412708,1.0
22.286486486486485,2.3317950137980206,19.954691472688463,0.00404562967568178,1.0
22.366366366366364,2.3444600372832824,20.02190632908308,0.004347678263308656,1.0
22.446246246246247,2.3571973075995465,20.0890489386467,0.004652762515132785,1.0
22.526126126126126,2.3699985399913546,20.156127586134772,0.004960275298314721,1.0
22.606006006006005,2.3828685244332855,20.22313748157272,0.005270520179274185,1.0
22.685885885885885,2.395811833722428,20.290074052163455,0.005583800724430904,1.0
22.765765765765764,2.4088201772514317,20.356945588514332,0.005899509800945427,1.0
22.845645645645646,2.4218982283230615,20.423747417322584,0.00621795097523748,1.0
22.925525525525526,2.4350507510104347,20.490474774515093,0.006539427813726787,1.0
23.005405405405405,2.4482737301755497,20.557131675229854,0.006863636749993625,1.0
23.085285285285284,2.461571835528087,20.623713449757197,0.007190881350457717,1.0
23.165165165165163,2.4749411020131897,20.690224063151973,0.007520858048699339,1.0
23.245045045045046,2.4883817868996823,20.756663258145363,0.00785356684471849,1.0
23.324924924924925,2.5019033651607328,20.823021559764193,0.008189614871354623,1.0
23.404804804804805,2.515497004874745,20.88930779993006,0.008528394995768284,1.0
23.484684684684684,2.5291676752799996,20.955517009404684,0.0088702107843792,1.0
23.564564564564563,2.542915830575629,21.021648733988933,0.009215062237187372,1.0
23.644444444444446,2.5567417597722457,21.0877026846722,0.0095629493541928,1.0
23.724324324324325,2.5706457905333546,21.15367853379097,0.009913872135395482,1.0
23.804204204204204,2.584628290027022,21.21957591417718,0.010267830580795417,1.0
23.884084084084083,2.598694204485286,21.285389879598796,0.010625128256812335,1.0
23.963963963963963,2.6128395539706193,21.351124409993343,0.010985461597026507,1.0
24.04384384384384,2.627064493134761,21.41677935070908,0.011348830601437935,1.0
24.123723723723725,2.6413785795496794,21.482345144174044,0.011715842402886069,1.0
24.203603603603604,2.655768523920428,21.547835079683175,0.012085586302111732,1.0
24.283483483483483,2.6702484545557086,21.613235028927775,0.0124589729983741,1.0
24.363363363363362,2.6848141474616947,21.67854921590167,0.012835698925253446,1.0
24.44324324324324,2.6994614123195113,21.74378183092373,0.013215460516330052,1.0
24.523123123123124,2.7141999276242026,21.80892319549892,0.013598864904443361,1.0
24.603003003003003,2.729025426590393,21.87397757641261,0.013985608523173652,1.0
24.682882882882883,2.7439430072518456,21.938939875631036,0.01437599493894065,1.0
24.762762762762762,2.758943652500703,22.003819110262057,0.014769417018904902,1.0
24.84264264264264,2.774041956852598,22.06860068579004,0.015166785462325586,1.0
24.92252252252252,2.789224007094603,22.133298515427917,0.015567189569943523,1.0
25.002402402402403,2.804504603482183,22.19789779892022,0.015971540041017893,1.0
25.082282282282282,2.819879250966614,22.262403031315667,0.01637953330912897,1.0
25.16216216216216,2.8353437166532984,22.326818445508863,0.016790865807857026,1.0
25.24204204204204,2.8509079252810365,22.391134116761005,0.017206144670041515,1.0
25.32192192192192,2.866562669969743,22.455359251952178,0.017624762762842982,1.0
25.401801801801803,2.8823180903071894,22.519483711494612,0.018047327219100885,1.0
25.481681681681682,2.8981745470761684,22.58350713460551,0.018473838038815214,1.0
25.56156156156156,2.914127544772567,22.647434016788992,0.018903991655566253,1.0
25.64144144144144,2.9301776265651633,22.711263814876276,0.019337788069353996,1.0
25.72132132132132,2.946334935070324,22.774986386250994,0.019775834413017897,1.0
25.801201201201202,2.9625899910171434,22.83861121018406,0.020217523553718503,1.0
25.88108108108108,2.978948369575756,22.902132711505324,0.020663159057875545,1.0
25.96096096096096,2.995415219481394,22.965545741479566,0.02111304449190874,1.0
26.04084084084084,3.011981218430258,23.028859622410582,0.02156657272297864,1.0
26.12072072072072,3.0286566172909457,23.092064103429774,0.0220243508839247,1.0
26.200600600600602,3.0454368872548607,23.15516371334574,0.022486075408327186,1.0
26.28048048048048,3.062327500548037,23.218152979932444,0.022952049862605836,1.0
26.36036036036036,3.0793289634543566,23.281031396906002,0.023422274246760643,1.0
26.44024024024024,3.096441484202248,23.34379875603799,0.023896748560791603,1.0
26.52012012012012,3.11366072103047,23.40645939908965,0.024375169238278992,1.0
26.599999999999998,3.130996988212066,23.469003011787933,0.024858143412062272,1.0
26.67987987987988,3.1484459040368784,23.531433975843,0.025345367515721702,1.0
26.75975975975976,3.166007762007904,23.593751997751855,0.02583684154925729,1.0
26.83963963963964,3.183688036299005,23.655951603340633,0.02633286907908877,1.0
26.91951951951952,3.201482202612399,23.718037316907118,0.02683314653879639,1.0
26.999399399399397,3.219400964304049,23.779998435095347,0.027338281061219633,1.0
27.07927927927928,3.237434429251173,23.841844850028107,0.027847665513519027,1.0
27.15915915915916,12.934256586747367,14.224902572411793,0.9866846661315802,0.9864639733444398
27.23903903903904,12.972307547839053,14.266731491199986,0.9867717896940414,0.9865495790748025
27.318918918918918,13.010358560143475,14.308560358775443,0.9868592168229224,0.9866354883715847
27.398798798798797,13.048411459920095,14.350387338878702,0.9869472510846428,0.9867217012347869
27.478678678678676,13.086462579420125,14.392216099258551,0.9870355889127829,0.9868085212308283
27.55855855855856,13.124513749687386,14.434044808871173,0.9871245338737625,0.9868959483597093
27.63843843843844,13.16256506427015,14.475873374168287,0.9872137824011618,0.9869836790550099
27.718318318318317,13.200618104849823,14.517700213468494,0.9873036380614005,0.9870717133167303
27.798198198198197,13.238669428961844,14.559528769236353,0.9873937972880591,0.9871603547112902
27.878078078078076,13.27672267584677,14.601355402231306,0.9874845636475569,0.9872492996722697
27.95795795795796,13.31477411102511,14.643183846932848,0.9875756335734746,0.9873388517660888
28.037837837837838,13.352827475095204,14.685010362742634,0.9876673106322318,0.9874287074263275
28.117717717717717,13.390879016981625,14.726838700736092,0.9877592912574085,0.9875191702194057
28.197597597597596,13.428932498108514,14.768665099489082,0.9878518790154247,0.9876099365789035
28.277477477477476,13.466986040092944,14.810491437384531,0.9879450739062805,0.9877013100712411
28.35735735735736,13.505037744229991,14.852319613127367,0.988038572363556,0.9877932906964177
28.437237237237238,13.543089499180184,14.894147738057054,0.9881323743872511,0.9878855748880142
28.517117117117117,13.58114321400997,14.935973903107147,0.9882267835437858,0.9879781626460306
28.596996996996996,13.619196989567763,14.977800007429233,0.9883217998331597,0.9880713575368864
28.676876876876875,13.657248906362396,15.01962797051448,0.9884171196889536,0.9881651595605815
28.756756756756758,13.6953027984929,15.061453958263858,0.9885130466775869,0.9882592651506964
28.836636636636637,13.733356751245127,15.10327988539151,0.9886095807990596,0.9883539778736508
28.916516516516516,13.771410765010698,15.145105751505819,0.9887064184869521,0.9884489941630248
28.996396396396396,13.809464839304843,15.186931557091553,0.988803863307684,0.9885446175852384
29.076276276276275,13.8475189745412,15.228757301735074,0.9889016116948356,0.9886405445738715
29.156156156156154,13.885571428552248,15.270584727603906,0.9889999672148266,0.988737382261764
29.236036036036037,13.923627426358522,15.312408609677515,0.9890989298676571,0.9888342199496565
29.315915915915916,13.961679781978841,15.354236133937075,0.9891981960869074,0.9889319683368081
29.395795795795795,13.99973415409864,15.396061641697155,0.989298069438997,0.9890300202903795
29.475675675675674,14.037790558179292,15.437885117496382,0.9893985499239262,0.9891283758103705
29.555555555555554,14.075845056494153,15.479710499061401,0.9894993339752751,0.989227338463201
29.635435435435436,14.113899615020314,15.521535820415123,0.9896007251594635,0.9893269082488709
29.715315315315316,14.151952247024546,15.56336306829077,0.9897024199100715,0.9894270851673804
29.795195195195195,14.190008913029997,15.605186282165198,0.9898050253599386,0.9895275656523096
29.875075075075074,14.228063866812484,15.64701120826259,0.9899079343762256,0.9896286532700782
29.954954954954953,14.266120454561946,15.688834500393007,0.990011450525352,0.9897300444542665
30.034834834834832,14.304173311846966,15.730661522987866,0.9901152702408982,0.989832346337714
30.114714714714715,14.342228231766008,15.772486482948707,0.9902196970892837,0.9899349517875812
30.194594594594594,14.380285229742146,15.814309364852448,0.9903247310705088,0.9900378608038681
30.274474474474474,14.41834027460765,15.856134199866824,0.9904303721845733,0.9901416805194143
30.354354354354353,14.456395379809669,15.897958974544684,0.9905363168650575,0.9902458038013802
30.434234234234232,14.494452578405676,15.939781655828556,0.9906428686783811,0.9903502306497657
30.514114114114115,14.532507808288363,15.981606305825752,0.9907500276245442,0.9904555681974104
30.593993993993994,14.570565141760339,16.023428852233657,0.9908577937035468,0.990561209311475
30.673873873873873,14.608620496662203,16.06525337721167,0.9909658633489691,0.9906674575583789
30.753753753753752,14.646677964809925,16.107075788943828,0.9910748436936505,0.9907743129381222
30.83363363363363,14.684733444005568,16.148900189628066,0.9911841276047517,0.9908817754507051
30.913513513513514,14.722791047169723,16.190722466343793,0.9912940186486923,0.9909895415297076
30.993393393393394,14.760846651035829,16.232546742357563,0.9914042132590527,0.9910979147415497
31.073273273273273,14.79890438848051,16.274368884792764,0.9915153185686723,0.9912068950862312
31.153153153153152,14.836962196125384,16.316190957027768,0.9916267274447115,0.9913161789973323
31.23303303303303,14.875017988349178,16.358015044683853,0.9917387434535903,0.9914263736076927
31.312912912912914,14.913075929957435,16.399836982955478,0.9918513665953084,0.9915368717844728
31.392792792792793,14.95113394104175,16.441658851751043,0.9919645968698659,0.9916479770940922
31.472672672672672,14.989192021537153,16.48348065113552,0.9920784342772629,0.9917596895365512
31.55255255255255,15.027249945174512,16.525302607378038,0.9921928788174995,0.9918720091118497
31.63243243243243,15.065306280526103,16.56712615190633,0.9923076269241558,0.9919849358199876
31.71231231231231,15.103366906907434,16.608945405404874,0.9924232857300711,0.9920981660945452
31.792192192192193,15.141422916902046,16.650769275290145,0.9925392481024062,0.9922123070683619
31.872072072072072,15.179481339129104,16.692590732942968,0.9926558176075809,0.9923267516085984
31.95195195195195,15.217539830437268,16.734412121514683,0.992772994245595,0.9924418032816744
32.03183183183183,15.2555983907775,16.77623344105433,0.9928907780164484,0.9925574620875898
32.11171171171171,15.293657020078495,16.81805469163322,0.9930091689201413,0.9926737280263447
32.19159159159159,15.331715718290125,16.859875873301462,0.9931281669566738,0.992790601097939
32.27147147147147,15.369776636854485,16.901694834616986,0.9932477721260456,0.9929077777359531
32.35135135135135,15.40783547780507,16.943515873546275,0.9933679844282569,0.9930258650732263
32.43123123123123,15.445894387479596,16.985336843751632,0.9934888038633077,0.9931445595433389
32.51111111111111,15.483955532629505,17.027155578481608,0.9936102304311978,0.9932635575798713
32.59099099099099,15.522014584666152,17.068976406324836,0.9937322641319275,0.9933834663156629
32.67087087087087,15.560073705921173,17.110797164949698,0.993854601399077,0.9935036786178743
32.75075075075075,15.598132894990393,17.152617855760354,0.9939778493654855,0.9936248016193447
32.83063063063063,15.63619433965627,17.19443629097436,0.9941017044647336,0.9937462281872349
32.91051051051051,15.674255862843106,17.23625464766741,0.994226166696821,0.9938682618879646
32.99039039039039,15.712315267149412,17.278075123240974,0.9943512360617479,0.9939912062879535
33.07027027027027,15.75037694210819,17.31989332816208,0.9944769125595142,0.9941144542543621
33.15015015015015,15.788436487893721,17.361713662256427,0.99460319619012,0.9942386129200298
33.23003003003003,15.826498314345628,17.4035317156844,0.9947300869535654,0.9943630751521171
33.30990990990991,15.864558239974206,17.445351669935704,0.99485758484985,0.9944884480834637
33.38978978978979,15.902622201031875,17.487167588757913,0.994985993445394,0.9946141245812301
33.46966966966967,15.940682034009116,17.528987635660556,0.9951147056073575,0.9947407117782557
33.549549549549546,15.978741934842963,17.57080761470658,0.9952440249021605,0.9948679061081206
33.62942942942943,16.016804140614052,17.612625288815376,0.9953742548962229,0.9949957075708251
33.70930930930931,16.054866424218925,17.654442885090386,0.9955050920231245,0.995124116166369
33.78918918918919,16.092929027582326,17.69626016160686,0.9956365362828656,0.9952531318947523
33.86906906906907,16.130991224549742,17.738077844519328,0.9957685876754463,0.9953827547559752
33.948948948948946,16.169053984317635,17.77989496463131,0.9959012462008662,0.9955129847500374
34.02882882882883,16.20711657899884,17.82171224982999,0.9960345118591257,0.995643821876939
34.10870870870871,16.24517925034386,17.86352945836485,0.9961686882166444,0.9957755697030999
34.18858858858859,16.2832419998204,17.905346588768186,0.9963031681405827,0.9959076210956804
34.26846846846847,16.321304825815265,17.947163642653205,0.9964385587637803,0.9960405831875203
34.348348348348345,16.359370011609652,17.988978336738693,0.9965748600862372,0.9961741524121994
34.42822822822823,16.397432750396245,18.030795477831983,0.9967114649751136,0.9963083287697181
34.508108108108104,16.43549581142963,18.072612296678475,0.9968489805632493,0.9964434158264959
34.58798798798799,16.473559197868347,18.11442879011964,0.9969867997178047,0.9965788064496937
34.66786786786787,16.511624467806403,18.156243400061467,0.9971258331380389,0.9967151077721503
34.747747747747745,16.549687764483952,18.198059983263793,0.997265170124693,0.9968520162274466
34.82762762762763,16.587752543579303,18.239875084048325,0.9974052660273963,0.9969895318155821
34.9075075075075,16.625815995872067,18.281691511635437,0.9975461208461489,0.997127958102977
34.987387387387386,16.66388068608714,18.323506701300246,0.997687734580951,0.9972669915232113
35.06726726726727,16.701945457699818,18.36532180956745,0.9978299554485922,0.9974066320762851
35.147147147147145,16.74001031071486,18.407136836432283,0.9979727834490731,0.9975468797621982
35.22702702702703,16.778076412640907,18.44895061438612,0.9981165221488132,0.9976878863641607
35.3069069069069,16.81614143068536,18.490765476221544,0.9982608679813927,0.9978296518821725
35.386786786786786,16.854207702966878,18.532579083819908,0.9984059727300214,0.9979720245330238
35.46666666666667,16.892272884284917,18.57439378238175,0.9985516846114897,0.9981151560999244
35.546546546546544,16.930339579503435,18.61620696704311,0.998698307192217,0.9982590465828743
35.62642642642643,16.968405851640153,18.658020574786274,0.9988455369057839,0.9984035441986636
35.7063063063063,17.006472463500906,18.699833842805397,0.9989935255354001,0.9985488007305022
35.786186186186185,17.044539416649844,18.74164676953634,0.9991422730810655,0.9986948161783902
35.86606606606607,17.082604753683928,18.78346131238214,0.9992916277595705,0.9988415905423275
35.945945945945944,17.12067281007293,18.825273135873015,0.9994418931373347,0.9989889720391042
36.02582582582583,17.158738825912966,18.86708699991286,0.9995927656479382,0.9991372642351402
36.1057057057057,17.196805861079202,18.9088998446265,0.9997443970745911,0.9992861635640155
36.185585585585585,17.234873580304733,18.950712005280852,0.9998968633088983,0.9994358218089401
36.26546546546547,17.272534118604316,18.992931346861152,1.0,0.9995876050188028
36.34534534534534,17.309343368466752,19.03600197687859,1.0,0.9997433345921221
36.425225225225226,17.34614184912942,19.079083376095806,1.0,0.9998998230814906
36.5051051051051,17.383383433014718,19.121721672090384,1.0,1.0
36.584984984984985,17.421421450707513,19.163563534277472,1.0,1.0
36.66486486486487,17.459459467574806,19.20540539729006,1.0,1.0
36.74474474474474,17.497497496720886,19.247247248023857,1.0,1.0
36.824624624624626,17.535535534719095,19.28908908990553,1.0,1.0
36.9045045045045,17.573573572644072,19.33093093186043,1.0,1.0
36.984384384384384,17.611611610518196,19.37277277386619,1.0,1.0
37.06426426426427,17.649649648517162,19.414614615747105,1.0,1.0
37.14414414414414,17.687687686575064,19.45645645756908,1.0,1.0
37.224024024024025,17.72572572459206,19.498298299431966,1.0,1.0
37.3039039039039,17.763763762254634,19.540140141649267,1.0,1.0
37.383783783783784,17.801801800305064,19.58198198347872,1.0,1.0
37.46366366366366,17.839839838162515,19.623823825501145,1.0,1.0
37.54354354354354,17.87787787610555,19.66566566743799,1.0,1.0
37.623423423423425,17.91591591396051,19.707507509462914,1.0,1.0
37.7033033033033,17.953953951959242,19.74934935134406,1.0,1.0
37.78318318318318,17.99199199000959,19.791191193173592,1.0,1.0
37.86306306306306,18.03003002782774,19.83303303523532,1.0,1.0
37.94294294294294,18.068068065570607,19.874874877372335,1.0,1.0
38.022822822822825,18.106106103589738,19.916716719233087,1.0,1.0
38.1027027027027,18.14414414153307,19.95855856116963,1.0,1.0
38.18258258258258,18.182182179276293,20.00040040330629,1.0,1.0
38.26246246246246,18.220220490762117,20.042241971700342,1.0,1.0
38.34234234234234,18.258258255027947,20.084084087314395,1.0,1.0
38.422222222222224,18.296296292903268,20.125925929318957,1.0,1.0
38.5021021021021,18.334334330709662,20.167767771392437,1.0,1.0
38.58198198198198,18.372372368449415,20.209609613532567,1.0,1.0
38.66186186186186,18.410410406385147,20.25145145547671,1.0,1.0
38.74174174174174,18.44844844410639,20.29329329763535,1.0,1.0
38.821621621621624,18.486486481886907,20.335135139734717,1.0,1.0
38.9015015015015,18.524524519748745,20.376976981752755,1.0,1.0
38.98138138138138,18.562562557490924,20.418818823890458,1.0,1.0
39.06126126126126,18.600600595238763,20.460660666022495,1.0,1.0
39.14114114114114,18.63863863297012,20.50250250817102,1.0,1.0
39.22102102102102,18.6766766706764,20.544344350344623,1.0,1.0
39.3009009009009,18.7147147083628,20.5861861925381,1.0,1.0
39.38078078078078,18.75275274611688,20.628028034663902,1.0,1.0
39.46066066066066,18.790790783832957,20.6698698768277,1.0,1.0
39.54054054054054,18.82882882156191,20.71171171897863,1.0,1.0
39.620420420420416,18.866866859307688,20.753553561112728,1.0,1.0
39.7003003003003,18.90490489696642,20.795395403333877,1.0,1.0
39.78018018018018,18.94294293452921,20.83723724565097,1.0,1.0
39.86006006006006,18.980980972076566,20.87907908798349,1.0,1.0
39.93993993993994,19.019019009710547,20.920920930229393,1.0,1.0
40.019819819819816,19.05705704746139,20.962762772358424,1.0,1.0
40.0996996996997,19.09509508525923,21.004604614440467,1.0,1.0
40.17957957957958,19.133133122967763,21.046446456611818,1.0,1.0
40.25945945945946,19.171171160918526,21.08828829854093,1.0,1.0
40.33933933933934,19.209209199040625,21.130130140298714,1.0,1.0
40.419219219219215,19.247247237043698,21.171971982175517,1.0,1.0
40.4990990990991,19.285285275175564,21.213813823923534,1.0,1.0
40.57897897897898,19.323323313355687,21.255655665623294,1.0,1.0
40.658858858858856,19.361361351762973,21.297497507095883,1.0,1.0
40.73873873873874,19.399399390282262,21.339339348456477,1.0,1.0
40.818618618618615,19.43743742890623,21.381181189712386,1.0,1.0
40.8984984984985,19.4754754678044,21.423023030694097,1.0,1.0
40.97837837837838,19.513513506878954,21.464864871499426,1.0,1.0
41.058258258258256,19.551551546218285,21.50670671203997,1.0,1.0
41.13813813813814,19.589589585926227,21.548548552211912,1.0,1.0
41.218018018018014,19.62762748660779,21.590390531410225,1.0,1.0
41.2978978978979,19.665665504640952,21.632232393256945,1.0,1.0
41.37777777777778,19.703703707528945,21.674074070248835,1.0,1.0
41.457657657657656,19.741741749199555,21.7159159084581,1.0,1.0
41.53753753753754,19.7797797916509,21.75775774588664,1.0,1.0
41.617417417417414,19.817817835030514,21.7995995823869,1.0,1.0
41.6972972972973,19.855855879376865,21.841441417920432,1.0,1.0
41.77717717717718,19.893893924965866,21.883283252211314,1.0,1.0
41.857057057057055,19.931931972003312,21.925125085053743,1.0,1.0
41.93693693693694,19.969970020735023,21.966966916201915,1.0,1.0
42.016816816816814,20.00800807133253,22.008808745484284,1.0,1.0
42.0966966966967,20.04604592152942,22.050650775167277,1.0,1.0
42.17657657657658,20.084083965267027,22.092492611309552,1.0,1.0
42.256456456456455,20.122122007352512,22.134334449103942,1.0,1.0
42.33633633633634,20.160160047809576,22.17617628852676,1.0,1.0
42.41621621621621,20.198198086763732,22.21801812945248,1.0,1.0
42.496096096096096,20.236236427680407,22.25985966841569,1.0,1.0
42.57597597597597,20.274274160221815,22.301701815754157,1.0,1.0
42.655855855855854,20.31231219486139,22.343543660994463,1.0,1.0
42.73573573573574,20.35035022824481,22.385385507490927,1.0,1.0
42.81561561561561,20.38838856612494,22.42722704949067,1.0,1.0
42.895495495495496,20.426426291383283,22.469069204112213,1.0,1.0
42.97537537537537,20.464464321277546,22.510911054097825,1.0,1.0
43.055255255255254,20.502502657603017,22.552752597652237,1.0,1.0
43.13513513513514,20.540540686098613,22.594594449036524,1.0,1.0
43.21501501501501,20.57857871371982,22.63643630129519,1.0,1.0
43.294894894894895,20.616616740522925,22.67827815437197,1.0,1.0
43.37477477477477,20.654654766592888,22.720120008181883,1.0,1.0
43.454654654654654,20.692692481748615,22.76196217290604,1.0,1.0
43.53453453453454,20.730730505985274,22.803804028549262,1.0,1.0
43.61441441441441,20.768768841098584,22.845645573315828,1.0,1.0
43.694294294294295,20.806806864915682,22.887487429378613,1.0,1.0
43.77417417417417,20.844844888349254,22.929329285824917,1.0,1.0
43.85405405405405,20.882882911443932,22.97117114261012,1.0,1.0
43.933933933933936,20.920920934278744,23.013012999655192,1.0,1.0
44.01381381381381,20.958958959424205,23.054854854389607,1.0,1.0
44.093693693693695,20.996996997518032,23.096696696175663,1.0,1.0
44.17357357357357,21.03503503563463,23.138538537938942,1.0,1.0
44.25345345345345,21.073073073934765,23.180380379518688,1.0,1.0
44.333333333333336,21.111111111759293,23.222222221574043,1.0,1.0
44.41321321321321,21.149149149762493,23.264064063450718,1.0,1.0
44.493093093093094,21.18718718809984,23.305905904993253,1.0,1.0
44.57297297297297,21.225225225959957,23.347747747013013,1.0,1.0
44.65285285285285,21.263263263986435,23.389589588866418,1.0,1.0
44.73273273273273,21.301301301855965,23.431431430876763,1.0,1.0
44.81261261261261,21.33933934004185,23.47327327257076,1.0,1.0
44.892492492492494,21.37737737759378,23.515115114898713,1.0,1.0
44.97237237237237,21.415415416236822,23.556956956135547,1.0,1.0
45.05225225225225,21.453453454241934,23.598798798010318,1.0,1.0
45.13213213213213,21.491491491925558,23.64064064020657,1.0,1.0
45.21201201201201,21.529529530211295,23.682482481800715,1.0,1.0
45.29189189189189,21.56756756847548,23.724324323416415,1.0,1.0
45.37177177177177,21.60560560626002,23.76616616551175,1.0,1.0
45.45165165165165,21.643643644173874,23.808008007477778,1.0,1.0
45.53153153153153,21.681681682362097,23.84984984916943,1.0,1.0
45.61141141141141,21.7197197203693,23.89169169104211,1.0,1.0
45.69129129129129,21.757757758492485,23.93353353279881,1.0,1.0
45.77117117117117,21.795795796431538,23.97537537473963,1.0,1.0
45.85105105105105,21.83383383477378,24.01721721627727,1.0,1.0
45.93093093093093,21.871871872633733,24.059059058297194,1.0,1.0
46.01081081081081,21.909909910742325,24.100900900068485,1.0,1.0
46.09069069069069,21.947947948370793,24.1427427423199,1.0,1.0
46.17057057057057,21.98598598681594,24.184584583754628,1.0,1.0
46.25045045045045,22.024024024348726,24.226426426101725,1.0,1.0
46.33033033033033,22.062062062968103,24.268268267362224,1.0,1.0
46.41021021021021,22.100100100959754,24.310110109250456,1.0,1.0
46.49009009009009,22.13813813917305,24.35195195091704,1.0,1.0
46.56996996996997,22.176176176903894,24.393793793066074,1.0,1.0
46.64984984984985,22.214214215128507,24.435635634721343,1.0,1.0
46.729729729729726,22.252252253146004,24.477477476583722,1.0,1.0
46.80960960960961,22.290290291231244,24.519319318378365,1.0,1.0
46.88948948948949,22.32832832938023,24.56116116010926,1.0,1.0
46.96936936936937,22.366366367182096,24.603003002187272,1.0,1.0
47.04924924924925,22.404404405179214,24.644844844070036,1.0,1.0
47.129129129129126,22.44244244309719,24.686686686031937,1.0,1.0
47.20900900900901,22.480480480934485,24.728528528074524,1.0,1.0
47.28888888888889,22.518518519484868,24.770370369404024,1.0,1.0
47.36876876876877,22.556556557019935,24.812212211748832,1.0,1.0
47.44864864864865,22.594594595519688,24.854054053128962,1.0,1.0
47.528528528528525,22.632632633531543,24.895895894996983,1.0,1.0
47.60840840840841,22.670670671319968,24.93773773708844,1.0,1.0
47.688288288288284,22.70870870965868,24.979579578629604,1.0,1.0
47.76816816816817,22.74674674738273,25.021421420785437,1.0,1.0
47.84804804804805,22.784784785518376,25.063263262529674,1.0,1.0
47.927927927927925,22.822822823422563,25.105105104505363,1.0,1.0
48.00780780780781,22.86086086147403,25.146946946333777,1.0,1.0
48.08768768768768,22.898898899792368,25.188788787895316,1.0,1.0
48.167567567567566,22.936936938121196,25.23063062944637,1.0,1.0
48.24744744744745,22.97497497546746,25.272472471979988,1.0,1.0
48.327327327327325,23.013013013690387,25.314314313636938,1.0,1.0
48.40720720720721,23.05105105179341,25.356156155413796,1.0,1.0
48.48708708708708,23.08908908953242,25.397997997554665,1.0,1.0
48.566966966966966,23.12712712787792,25.439839839089046,1.0,1.0
48.64684684684685,23.165165165734592,25.481681681112256,1.0,1.0
48.726726726726724,23.203203204063882,25.523523522662842,1.0,1.0
48.80660660660661,23.241241241785296,25.56536536482131,1.0,1.0
48.88648648648648,23.279279280087557,25.607207206398925,1.0,1.0
48.966366366366366,23.317317318018024,25.649049048348342,1.0,1.0
49.04624624624625,23.355355356047145,25.690890890199103,1.0,1.0
49.126126126126124,23.39339339428619,25.732732731839935,1.0,1.0
49.20600600600601,23.431431432266812,25.774574573739194,1.0,1.0
49.28588588588588,23.46946947067885,25.816416415207033,1.0,1.0
49.365765765765765,23.507507508599055,25.85825825716671,1.0,1.0
49.44564564564565,23.54554554625972,25.900100099385927,1.0,1.0
49.525525525525524,23.583583584338736,25.941941941186787,1.0,1.0
49.605405405405406,23.621621622601552,25.983783782803854,1.0,1.0
49.68528528528528,23.659659660150254,26.025625625135028,1.0,1.0
49.765165165165165,23.697697698766728,26.067467466398437,1.0,1.0
49.84504504504504,23.735735736666967,26.109309308378073,1.0,1.0
49.92492492492492,23.773773774736217,26.151151150188706,1.0,1.0
50.004804804804806,23.81181181275061,26.192992992054197,1.0,1.0
50.08468468468468,23.84984985070788,26.2348348339768,1.0,1.0
50.164564564564564,23.88788788839067,26.276676676173896,1.0,1.0
50.24444444444444,23.92592592665612,26.31851851778832,1.0,1.0
50.32432432432432,23.96396396485282,26.360360359471503,1.0,1.0
50.404204204204206,24.00200200297871,26.402202201225496,1.0,1.0
50.48408408408408,24.040040040401337,26.444044043682744,1.0,1.0
50.563963963963964,24.07807807838318,26.485885885580785,1.0,1.0
50.64384384384384,24.116116116910973,26.527727726932866,1.0,1.0
50.72372372372372,24.15415415493968,26.569569568784043,1.0,1.0
50.803603603603605,24.192192192885077,26.611411410718528,1.0,1.0
50.88348348348348,24.23023023094928,26.6532532525342,1.0,1.0
50.963363363363364,24.268268269126782,26.69509509423658,1.0,1.0
51.04324324324324,24.306306306605908,26.73693693663733,1.0,1.0
51.12312312312312,24.344344345198877,26.778778777924245,1.0,1.0
51.203003003003005,24.38238238308992,26.820620619913086,1.0,1.0
51.28288288288288,24.42042042107999,26.86246246180289,1.0,1.0
51.36276276276276,24.458458459163786,26.904304303598977,1.0,1.0
51.44264264264264,24.496496497140544,26.946146145502095,1.0,1.0
51.52252252252252,24.53453453500863,26.987987987513893,1.0,1.0
51.602402402402404,24.57257257334627,27.029829829056133,1.0,1.0
51.68228228228228,24.61061061156508,27.0716716707172,1.0,1.0
51.76216216216216,24.648648649281718,27.113513512880445,1.0,1.0
51.84204204204204,24.686686687450578,27.15535535459146,1.0,1.0
51.92192192192192,24.724724725493935,27.197197196427986,1.0,1.0
52.001801801801804,24.76276276359791,27.239039038203895,1.0,1.0
52.08168168168168,24.800800801944035,27.280880879737644,1.0,1.0
52.16156156156156,24.838838839968503,27.32272272159306,1.0,1.0
52.24144144144144,24.87687687767334,27.3645645637681,1.0,1.0
52.32132132132132,24.914914915609643,27.406406405711678,1.0,1.0
52.401201201201204,24.95295295358759,27.448248247613613,1.0,1.0
52.48108108108108,24.990990991783384,27.490090089297695,1.0,1.0
52.56096096096096,25.029029030009557,27.531931930951405,1.0,1.0
52.64084084084084,25.06706706790447,27.573773772936367,1.0,1.0
52.72072072072072,25.105105105825277,27.615615614895443,1.0,1.0
52.800600600600596,25.143143144120465,27.65745745648013,1.0,1.0
52.88048048048048,25.181181182077896,27.699299298402583,1.0,1.0
52.96036036036036,25.219219220222524,27.741141140137838,1.0,1.0
53.04024024024024,25.257257258027405,27.782982982212832,1.0,1.0
53.12012012012012,25.295295296183255,27.824824823936865,1.0,1.0
53.199999999999996,25.333333334166362,27.866666665833634,1.0,1.0
53.27987987987988,25.371371372315885,27.908508507563994,1.0,1.0
53.35975975975976,25.409409410286717,27.950350349473045,1.0,1.0
53.43963963963964,25.44744744824595,27.992192191393688,1.0,1.0
53.51951951951952,25.485485486523395,28.034034032996125,1.0,1.0
53.599399399399395,25.523523524279746,28.07587587511965,1.0,1.0
53.67927927927928,25.561561562674136,28.117717716605142,1.0,1.0
53.75915915915916,25.599599600543964,28.159559558615197,1.0,1.0
53.83903903903904,25.637637638871283,28.201401400167754,1.0,1.0
53.91891891891892,25.675675676349286,28.243243242569633,1.0,1.0
53.998798798798795,25.71371371443611,28.285085084362684,1.0,1.0
54.07867867867868,25.75175175263687,28.326926926041807,1.0,1.0
54.15855855855856,25.789789790468802,28.36876876808976,1.0,1.0
54.238438438438436,25.827827828565333,28.410610609873103,1.0,1.0
54.31831831831832,25.86586586676033,28.45245245155799,1.0,1.0
54.398198198198195,25.903903904735866,28.49429429346233,1.0,1.0
54.47807807807808,25.941941942801115,28.536136135276962,1.0,1.0
54.55795795795796,25.979979981103607,28.577977976854353,1.0,1.0
54.637837837837836,26.018018018870105,28.61981981896773,1.0,1.0
54.71771771771772,26.056056056561733,28.661661661155986,1.0,1.0
54.797597597597594,26.09409409477881,28.703503502818783,1.0,1.0
54.87747747747748,26.132132133206785,28.745345344270692,1.0,1.0
54.95735735735735,26.17017017064513,28.787187186712224,1.0,1.0
55.037237237237235,26.208208208884184,28.82902902835305,1.0,1.0
55.11711711711712,26.24624624716854,28.87087086994858,1.0,1.0
55.196996996996994,26.284284285346246,28.912712711650748,1.0,1.0
55.27687687687688,26.322322323269283,28.954554553607593,1.0,1.0
55.35675675675675,26.360360361226146,28.996396395530606,1.0,1.0
55.436636636636635,26.398398399211246,29.03823823742539,1.0,1.0
55.51651651651652,26.436436437076626,29.08008007943989,1.0,1.0
55.59639639639639,26.47447447566855,29.121921920727843,1.0,1.0
55.676276276276276,26.512512513702674,29.163763762573602,1.0,1.0
55.75615615615615,26.550550551463967,29.205605604692185,1.0,1.0
55.836036036036035,26.588588589368896,29.247447446667138,1.0,1.0
55.91591591591592,26.626626627409493,29.289289288506424,1.0,1.0
55.99579579579579,26.66466466557793,29.331131130217862,1.0,1.0
56.075675675675676,26.702702703458225,29.37297297221745,1.0,1.0
56.15555555555555,26.7407407415914,29.414814813964153,1.0,1.0
56.235435435435434,26.778778779698584,29.45665665573685,1.0,1.0
56.31531531531532,26.816816817908283,29.498498497407034,1.0,1.0
56.39519519519519,26.854854855815457,29.540340339379735,1.0,1.0
56.475075075075075,26.892892893815528,29.582182181259547,1.0,1.0
56.55495495495495,26.930930931508815,29.624024023446136,1.0,1.0
56.634834834834834,26.96896897006519,29.665865864769643,1.0,1.0
56.71471471471472,27.007007007913153,29.707707706801564,1.0,1.0
56.79459459459459,27.04504504583034,29.749549548764254,1.0,1.0
56.874474474474475,27.083083084064413,29.791391390410062,1.0,1.0
56.95435435435435,27.121121122223816,29.833233232130535,1.0,1.0
57.03423423423423,27.15915916030422,29.875075073930013,1.0,1.0
57.114114114114116,27.197197197802065,29.91691691631205,1.0,1.0
57.19399399399399,27.235235235963085,29.958758758030907,1.0,1.0
57.273873873873875,27.27327327402913,30.000600599844745,1.0,1.0
57.35375375375375,27.31131131224084,30.04244244151291,1.0,1.0
57.43363363363363,27.349349350224713,30.08428428340892,1.0,1.0
57.513513513513516,27.387387388462006,30.12612612505151,1.0,1.0
57.59339339339339,27.4254254262223,30.16796796717109,1.0,1.0
57.673273273273274,27.46346346398532,30.209809809287954,1.0,1.0
57.75315315315315,27.501501502217838,30.25165165093531,1.0,1.0
57.83303303303303,27.539539540669175,30.293493492363858,1.0,1.0
57.91291291291291,27.57757757839543,30.335335334517477,1.0,1.0
57.99279279279279,27.615615616447638,30.377177176345153,1.0,1.0
58.072672672672674,27.653653654927755,30.41901901774492,1.0,1.0
58.15255255255255,27.691691692678003,30.460860859874547,1.0,1.0
58.23243243243243,27.729729730614594,30.50270270181784,1.0,1.0
58.31231231231231,27.767767768614494,30.544544543697814,1.0,1.0
58.39219219219219,27.805805806781734,30.586386385410457,1.0,1.0
58.47207207207207,27.843843844439395,30.62822822763268,1.0,1.0
58.55195195195195,27.881881882584583,30.670070069367366,1.0,1.0
58.63183183183183,27.91991992109084,30.71191191074099,1.0,1.0
58.71171171171171,27.957957958964357,30.75375375274735,1.0,1.0
58.79159159159159,27.995995996967892,30.7955955946237,1.0,1.0
58.87147147147147,28.03403403476992,30.837437436701553,1.0,1.0
58.95135135135135,28.072072073007035,30.879279278344313,1.0,1.0
59.03123123123123,28.110110111028213,30.92112112020302,1.0,1.0
59.11111111111111,28.14814814883093,30.962962962280177,1.0,1.0
59.19099099099099,28.18618618693427,31.00480480405672,1.0,1.0
59.27087087087087,28.224224224703164,31.04664664616771,1.0,1.0
59.35075075075075,28.262262263165923,31.088488487584826,1.0,1.0
59.43063063063063,28.30030030117728,31.13033032945335,1.0,1.0
59.51051051051051,28.338338338942197,31.17217217156831,1.0,1.0
59.59039039039039,28.376376377263746,31.214014013126643,1.0,1.0
59.67027027027027,28.414414415323083,31.25585585494719,1.0,1.0
59.75015015015015,28.45245245331667,31.297697696833477,1.0,1.0
59.83003003003003,28.490490491336818,31.339539538693213,1.0,1.0
59.909909909909906,28.528528529179717,31.38138138073019,1.0,1.0
59.98978978978979,28.56656656742394,31.42322322236585,1.0,1.0
60.069669669669665,28.604604605282027,31.465065064387638,1.0,1.0
60.14954954954955,28.64264264361553,31.506906905934017,1.0,1.0
60.22942942942943,28.6806806816464,31.54874874778303,1.0,1.0
60.309309309309306,28.71871871927894,31.590590590030367,1.0,1.0
60.38918918918919,28.756756757449722,31.632432431739467,1.0,1.0
60.469069069069064,28.794794795581492,31.674274273487573,1.0,1.0
60.54894894894895,28.832832833851292,31.716116115097655,1.0,1.0
60.62882882882883,28.870870871881706,31.757957956947124,1.0,1.0
60.708708708708706,28.908908909760534,31.79979979894817,1.0,1.0
60.78858858858859,28.94694694802385,31.84164164056474,1.0,1.0
60.868468468468464,28.98498498575958,31.883483482708883,1.0,1.0
60.94834834834835,29.023023024125887,31.92532532422246,1.0,1.0
61.02822822822823,29.061061061689333,31.967167166538896,1.0,1.0
61.108108108108105,29.09909909977192,32.009009008336186,1.0,1.0
61.18798798798799,29.13713713826644,32.05085084972155,1.0,1.0
61.267867867867864,29.175175175861916,32.09269269200595,1.0,1.0
61.347747747747746,29.213213214194983,32.13453453355277,1.0,1.0
61.42762762762763,29.25125125213652,32.17637637549111,1.0,1.0
61.507507507507505,29.28928928977058,32.218218217736926,1.0,1.0
61.58738738738739,29.327327328014736,32.26006005937265,1.0,1.0
61.66726726726726,29.365365366348247,32.30190190091902,1.0,1.0
61.747147147147146,29.40340340459505,32.34374374255209,1.0,1.0
61.82702702702703,29.441441442421027,32.385585584606005,1.0,1.0
61.906906906906904,29.479479479988697,32.42742742691821,1.0,1.0
61.98678678678679,29.517517518259687,32.4692692685271,1.0,1.0
62.06666666666666,29.555555556410184,32.51111111025648,1.0,1.0
62.146546546546546,29.59359359443342,32.55295295211313,1.0,1.0
62.22642642642643,29.631631632165398,32.594794794261034,1.0,1.0
62.306306306306304,29.669669670382774,32.63663663592353,1.0,1.0
62.38618618618619,29.707707708600292,32.6784784775859,1.0,1.0
62.46606606606606,29.74574574665452,32.72032031941154,1.0,1.0
62.545945945945945,29.783783784691515,32.76216216125443,1.0,1.0
62.62582582582583,29.821821822701555,32.80400400312428,1.0,1.0
62.705705705705704,29.85985986022565,32.845845845480056,1.0,1.0
62.785585585585586,29.89789789830561,32.88768768727998,1.0,1.0
62.86546546546546,29.93593593662296,32.9295295288425,1.0,1.0
62.945345345345345,29.973973974869015,32.971371370476334,1.0,1.0
63.02522522522522,30.012012012744748,33.01321321248047,1.0,1.0
63.1051051051051,30.050050051111942,33.05505505399316,1.0,1.0
63.184984984984986,30.08808808894879,33.0968968960362,1.0,1.0
63.26486486486486,30.12612612696525,33.138738737899615,1.0,1.0
63.344744744744744,30.164164164865223,33.18058057987952,1.0,1.0
63.42462462462462,30.202202203337016,33.222422421287604,1.0,1.0
63.5045045045045,30.240240241388573,33.26426426311593,1.0,1.0
63.584384384384386,30.27827827915602,33.306106105228366,1.0,1.0
63.66426426426426,30.316316316906835,33.347947947357426,1.0,1.0
63.744144144144144,30.354354355034406,33.38978978910974,1.0,1.0
63.82402402402402,30.39239239271623,33.431631631307795,1.0,1.0
63.9039039039039,30.430430431011974,33.473473472891925,1.0,1.0
63.983783783783785,30.468468469237663,33.51531531454612,1.0,1.0
64.06366366366366,30.506506507253025,33.55715715641064,1.0,1.0
64.14354354354354,30.54454454530978,33.59899899823377,1.0,1.0
64.22342342342343,30.582582583651224,33.6408408397722,1.0,1.0
64.3033033033033,30.620620621368897,33.682682681934395,1.0,1.0
64.38318318318318,30.65865865934811,33.72452452383507,1.0,1.0
64.46306306306306,30.69669669781962,33.76636636524344,1.0,1.0
64.54294294294294,30.734734735149253,33.80820820779369,1.0,1.0
64.62282282282283,30.77277277344016,33.850050049382666,1.0,1.0
64.7027027027027,30.810810811681716,33.891891891020975,1.0,1.0
64.78258258258258,30.848848849500737,33.93373373308184,1.0,1.0
64.86246246246246,30.88688688761264,33.97557557484982,1.0,1.0
64.94234234234234,30.924924925522916,34.01741741681943,1.0,1.0
65.02222222222223,30.962962963576217,34.05925925864601,1.0,1.0
65.1021021021021,31.00100100175568,34.10110110034641,1.0,1.0
65.18198198198198,31.039039039813883,34.14294294216809,1.0,1.0
65.26186186186186,31.07707707762626,34.1847847842356,1.0,1.0
65.34174174174174,31.115115116206212,34.22662662553553,1.0,1.0
65.42162162162163,31.15315315372188,34.268468467899744,1.0,1.0
65.5015015015015,31.191191191746924,34.31031030975457,1.0,1.0
65.58138138138138,31.229229229922854,34.352152151458526,1.0,1.0
65.66126126126126,31.26726726812227,34.39399399313899,1.0,1.0
65.74114114114114,31.305305306005305,34.43583583513583,1.0,1.0
65.82102102102102,31.34334334410314,34.477677676917885,1.0,1.0
65.9009009009009,31.381381382182845,34.51951951871805,1.0,1.0
65.98078078078078,31.419419419914142,34.561361360866634,1.0,1.0
66.06066066066066,31.457457458232057,34.6032032024286,1.0,1.0
66.14054054054054,31.495495495967276,34.645045044573266,1.0,1.0
66.22042042042042,31.53353353424895,34.68688688617148,1.0,1.0
66.3003003003003,31.571571572234195,34.7287287280661,1.0,1.0
66.38018018018018,31.609609610318607,34.77057056986157,1.0,1.0
66.46006006006006,31.647647648384417,34.81241241167564,1.0,1.0
66.53993993993994,31.68568568641668,34.854254253523266,1.0,1.0
66.61981981981982,31.723723724009513,34.89609609581031,1.0,1.0
66.69969969969969,31.761761762516027,34.93793793718366,1.0,1.0
66.77957957957958,31.79979980045496,34.97977977912461,1.0,1.0
66.85945945945946,31.83783783849174,35.02162162096772,1.0,1.0
66.93933933933934,31.875875876701446,35.0634634626379,1.0,1.0
67.01921921921922,31.913913914596677,35.10530530462255,1.0,1.0
67.09909909909909,31.951951953000794,35.1471471460983,1.0,1.0
67.17897897897898,31.98998999078538,35.1889889881936,1.0,1.0
67.25885885885886,32.02802802840422,35.230830830454636,1.0,1.0
67.33873873873874,32.0660660669209,35.272672671817844,1.0,1.0
67.41861861861862,32.104104104783154,35.31451451383547,1.0,1.0
67.49849849849849,32.142142142608016,35.356356355890476,1.0,1.0
67.57837837837837,32.18018018090111,35.398198197477264,1.0,1.0
67.65825825825826,32.21821821894187,35.440040039316386,1.0,1.0
67.73813813813814,32.25625625697572,35.48188188116242,1.0,1.0
67.81801801801802,32.29429429506924,35.52372372294878,1.0,1.0
67.89789789789789,32.33233233311891,35.56556556477898,1.0,1.0
67.97777777777777,32.370370371107654,35.60740740667012,1.0,1.0
68.05765765765766,32.40840840893695,35.64924924872071,1.0,1.0
68.13753753753754,32.446446446997996,35.691091090539544,1.0,1.0
68.21741741741742,32.484484484944105,35.73293293247332,1.0,1.0
68.29729729729729,32.52252252315641,35.77477477414088,1.0,1.0
68.37717717717717,32.56056056113627,35.8166166160409,1.0,1.0
68.45705705705706,32.59859859933749,35.858458457719564,1.0,1.0
68.53693693693694,32.63663663727218,35.90030029966476,1.0,1.0
68.61681681681682,32.674674675385155,35.94214214143167,1.0,1.0
68.69669669669669,32.71271271334961,35.98398398334708,1.0,1.0
68.77657657657657,32.75075075144775,36.02582582512883,1.0,1.0
68.85645645645646,32.78878878928652,36.067667667169935,1.0,1.0
68.93633633633634,32.82682682750917,36.109509508827166,1.0,1.0
69.01621621621621,32.8648648651455,36.15135135107071,1.0,1.0
69.09609609609609,32.90290290354771,36.19319319254838,1.0,1.0
69.17597597597597,32.94094094175289,36.23503503422308,1.0,1.0
69.25585585585586,32.97897897967599,36.27687687617986,1.0,1.0
69.33573573573574,33.01701701751119,36.318718718224545,1.0,1.0
69.41561561561561,33.05505505564853,36.36056055996708,1.0,1.0
69.49549549549549,33.09309309338129,36.4024024021142,1.0,1.0
69.57537537537537,33.13113113163388,36.444244243741494,1.0,1.0
69.65525525525526,33.1691691695749,36.486086085680355,1.0,1.0
69.73513513513514,33.20720720777828,36.527927927356856,1.0,1.0
69.815015015015,33.245245245825174,36.56976976918983,1.0,1.0
69.89489489489489,33.283283283951945,36.611611610942944,1.0,1.0
69.97477477477477,33.321321322006014,36.65345345276876,1.0,1.0
70.05465465465466,33.35935935990344,36.69529529475121,1.0,1.0
70.13453453453454,33.39739739799427,36.73713713654027,1.0,1.0
70.2144144144144,33.435435436064694,36.77897897834971,1.0,1.0
70.29429429429429,33.47347347379,36.82082082050429,1.0,1.0
70.37417417417417,33.511511512225695,36.86266266194848,1.0,1.0
70.45405405405405,33.54954955026515,36.90450450378891,1.0,1.0
70.53393393393394,33.587587588186196,36.94634634574774,1.0,1.0
70.6138138138138,33.62562562608142,36.98818818773238,1.0,1.0
70.69369369369369,33.6636636642082,37.03003002948549,1.0,1.0
70.77357357357357,33.70170170247543,37.07187187109814,1.0,1.0
70.85345345345345,33.73973974018837,37.113713713265085,1.0,1.0
70.93333333333334,33.77777777848475,37.15555555484859,1.0,1.0
71.0132132132132,33.81581581645381,37.1973973967594,1.0,1.0
71.09309309309309,33.853853854292154,37.239239238800934,1.0,1.0
71.17297297297297,33.891891892606324,37.28108108036665,1.0,1.0
71.25285285285285,33.9299299304164,37.322922922436454,1.0,1.0
71.33273273273274,33.96796796863354,37.3647647640992,1.0,1.0
71.4126126126126,34.00600600650528,37.406606606107324,1.0,1.0
71.49249249249249,34.04404404461352,37.44844844787897,1.0,1.0
71.57237237237237,34.082082082524934,37.49029028984744,1.0,1.0
71.65225225225225,34.1201201208969,37.532132131355354,1.0,1.0
71.73213213213214,34.158158158720994,37.57397397341114,1.0,1.0
71.812012012012,34.19619619655514,37.61581581545686,1.0,1.0
71.89189189189189,34.234234234740896,37.65765765715099,1.0,1.0
71.97177177177177,34.27227227295555,37.69949949881622,1.0,1.0
72.05165165165165,34.31031031080128,37.741341340850376,1.0,1.0
72.13153153153154,34.34834834879805,37.78318318273349,1.0,1.0
72.2114114114114,34.38638638664068,37.825025024770724,1.0,1.0
72.29129129129129,34.42442442482533,37.866866866465955,1.0,1.0
72.37117117117117,34.46246246295909,37.90870870821208,1.0,1.0
72.45105105105105,34.50050050109394,37.950550549957114,1.0,1.0
72.53093093093094,34.53853853902678,37.992392391904154,1.0,1.0
72.6108108108108,34.57657657706032,38.03423423375048,1.0,1.0
72.69069069069069,34.61461461515392,38.07607607553677,1.0,1.0
72.77057057057057,34.65265265318786,38.11791791738271,1.0,1.0
72.85045045045045,34.69069069112718,38.15975975932327,1.0,1.0
72.93033033033034,34.72872872909384,38.2016016012365,1.0,1.0
73.0102102102102,34.766766767278625,38.24344344293158,1.0,1.0
73.09009009009009,34.804804805103196,38.28528528498689,1.0,1.0
73.16996996996997,34.842842843438476,38.327127126531494,1.0,1.0
73.24984984984985,34.880880881340154,38.3689689685097,1.0,1.0
73.32972972972973,34.91891891929317,38.410810810436566,1.0,1.0
73.4096096096096,34.956956957467696,38.45265265214191,1.0,1.0
73.48948948948949,34.99499499532035,38.49449449416914,1.0,1.0
73.56936936936937,35.03303303351435,38.53633633585502,1.0,1.0
73.64924924924925,35.07107107144629,38.57817817780296,1.0,1.0
73.72912912912913,35.10910910962036,38.62002001950877,1.0,1.0
73.809009009009,35.14714714745295,38.661861861556055,1.0,1.0
73.88888888888889,35.185185185758755,38.70370370313013,1.0,1.0
73.96876876876877,35.223223223574905,38.74554554519386,1.0,1.0
74.04864864864865,35.26126126163233,38.787387387016324,1.0,1.0
74.12852852852853,35.299299299686545,38.82922922884199,1.0,1.0
74.2084084084084,35.33733733775032,38.87107107065808,1.0,1.0
74.28828828828829,35.375375375834004,38.91291291245428,1.0,1.0
74.36816816816817,35.41341341371015,38.954754754458015,1.0,1.0
74.44804804804805,35.45145145191739,38.99659659613066,1.0,1.0
74.52792792792792,35.48948948993241,39.03843843799551,1.0,1.0
74.6078078078078,35.52752752804824,39.08028027975956,1.0,1.0
74.68768768768768,35.56556556604151,39.12212212164617,1.0,1.0
74.76756756756757,35.60360360381029,39.163963963757276,1.0,1.0
74.84744744744745,35.641641641948915,39.205805805498535,1.0,1.0
74.92732732732732,35.67967968022575,39.247647647101566,1.0,1.0
75.0072072072072,35.71771771801238,39.28948948919482,1.0,1.0
75.08708708708708,35.75575575608261,39.33133133100448,1.0,1.0
75.16696696696697,35.79379379396688,39.37317317300009,1.0,1.0
75.24684684684685,35.83183183205242,39.41501501479443,1.0,1.0
75.32672672672672,35.86986987007664,39.45685685665008,1.0,1.0
75.4066066066066,35.90790790830838,39.49869869829822,1.0,1.0
75.48648648648648,35.945945946167434,39.54054054031905,1.0,1.0
75.56636636636637,35.98398398451161,39.58238238185476,1.0,1.0
75.64624624624625,36.02202202240768,39.62422422383857,1.0,1.0
75.72612612612612,36.06006006029111,39.66606606583501,1.0,1.0
75.806006006006,36.098098098520175,39.707907907485826,1.0,1.0
75.88588588588588,36.13613613646314,39.74974974942274,1.0,1.0
75.96576576576577,36.174174174474715,39.79159159129105,1.0,1.0
76.04564564564565,36.212212212558924,39.833433433086725,1.0,1.0
76.12552552552552,36.25025025044145,39.87527527508407,1.0,1.0
76.2054054054054,36.28828828879052,39.91711711661488,1.0,1.0
76.28528528528528,36.32632632667193,39.95895895861335,1.0,1.0
76.36516516516517,36.364364364811145,40.00080080035402,1.0,1.0
76.44504504504505,36.402402402823405,40.042642642221644,1.0,1.0
76.52492492492492,36.440440440670514,40.0844844842544,1.0,1.0
76.6048048048048,36.47847847335194,40.12632633145286,1.0,1.0
76.68468468468468,36.51651650507378,40.1681681796109,1.0,1.0
76.76456456456457,36.55455453679783,40.210010027766735,1.0,1.0
76.84444444444445,36.592592568518654,40.251851875925794,1.0,1.0
76.92432432432432,36.63063060022979,40.293693724094524,1.0,1.0
77.0042042042042,36.668668631943326,40.33553557226087,1.0,1.0
77.08408408408408,36.70670666365606,40.377377420428026,1.0,1.0
77.16396396396397,36.744744695358214,40.41921926860575,1.0,1.0
77.24384384384385,36.78278272705948,40.46106111678437,1.0,1.0
77.32372372372372,36.820820758765066,40.50290296495865,1.0,1.0
77.4036036036036,36.858858790463735,40.544744813139864,1.0,1.0
77.48348348348348,36.89689682215937,40.58658666132411,1.0,1.0
77.56336336336337,36.934934853850855,40.62842850951251,1.0,1.0
77.64324324324325,36.972972885545325,40.67027035769792,1.0,1.0
77.72312312312312,37.01101091722306,40.712112205900056,1.0,1.0
77.803003003003,37.04904894891194,40.75395405409106,1.0,1.0
77.88288288288288,37.087086980595906,40.795795902286976,1.0,1.0
77.96276276276276,37.125125012277564,40.8376377504852,1.0,1.0
78.04264264264265,37.163163043955365,40.87947959868728,1.0,1.0
78.12252252252252,37.20120107563074,40.921321446891774,1.0,1.0
78.2024024024024,37.239239107305,40.963163295097395,1.0,1.0
78.28228228228228,37.27727713897783,41.00500514330445,1.0,1.0
78.36216216216216,37.31531517065003,41.04684699151213,1.0,1.0
78.44204204204205,37.35335320231493,41.08868883972712,1.0,1.0
78.52192192192192,37.39139123398092,41.130530687941,1.0,1.0
78.6018018018018,37.429429265647094,41.172372536154704,1.0,1.0
78.68168168168168,37.46746729731077,41.21421438437091,1.0,1.0
78.76156156156156,37.505505328973065,41.2560562325885,1.0,1.0
78.84144144144145,37.543543360634686,41.29789808080676,1.0,1.0
78.92132132132132,37.5815813922863,41.33973992903501,1.0,1.0
79.0012012012012,37.6196194239372,41.381581777263996,1.0,1.0
79.08108108108108,37.65765745559568,41.4234236254854,1.0,1.0
79.16096096096096,37.69569548724984,41.46526547371112,1.0,1.0
79.24084084084083,37.73373351890163,41.5071073219392,1.0,1.0
79.32072072072071,37.77177155054882,41.548949170171895,1.0,1.0
79.4006006006006,37.80980958219704,41.59079101840356,1.0,1.0
79.48048048048048,37.847847613850675,41.632632866629805,1.0,1.0
79.56036036036036,37.88588564549387,41.67447471486649,1.0,1.0
79.64024024024023,37.92392367713941,41.71631656310082,1.0,1.0
79.72012012012011,37.96196170878157,41.75815841133854,1.0,1.0
79.8,37.999999740424485,41.80000025957551,1.0,1.0
