r,r1,n1,n2,r2
0.0,0.0,0.0,0.0,0.0
0.07655155155155155,0.03328328328328328,0.0,0.0,0.04326826826826827
0.1531031031031031,0.06656656656656657,0.0,0.0,0.08653653653653653
0.22965465465465465,0.09984984984984985,0.0,0.0,0.1298048048048048
0.3062062062062062,0.13313313313313313,0.0,0.0,0.17307307307307307
0.3827577577577578,0.1664164164164164,0.0,0.0,0.21634134134134136
0.4593093093093093,0.1996996996996997,0.0,0.0,0.2596096096096096
0.5358608608608608,0.23298298298298298,0.0,0.0,0.30287787787787784
0.6124124124124124,0.26626626626626626,0.0,0.0,0.34614614614614614
0.688963963963964,0.29954954954954954,0.0,0.0,0.38941441441441443
0.7655155155155156,0.3328328328328328,0.0,0.0,0.43268268268268273
0.842067067067067,0.3661161161161161,0.0,0.0,0.4759509509509509
0.9186186186186186,0.3993993993993994,0.0,0.0,0.5192192192192192
0.9951701701701702,0.4326826826826827,0.0,0.0,0.5624874874874874
1.0717217217217216,0.46596596596596596,0.0,0.0,0.6057557557557557
1.1482732732732732,0.4992492492492492,0.0,0.0,0.649024024024024
1.2248248248248248,0.5325325325325325,0.0,0.0,0.6922922922922923
1.3013763763763764,0.5658158158158159,0.0,0.0,0.7355605605605605
1.377927927927928,0.5990990990990991,0.0,0.0,0.7788288288288289
1.4544794794794795,0.6323823823823824,0.0,0.0,0.8220970970970971
1.531031031031031,0.6656656656656657,0.0,0.0,0.8653653653653655
1.6075825825825825,0.6989489489489489,0.0,0.0,0.9086336336336336
1.684134134134134,0.7322322322322322,0.0,0.0,0.9519019019019018
1.7606856856856856,0.7655155155155156,0.0,0.0,0.9951701701701701
1.8372372372372372,0.7987987987987988,0.0,0.0,1.0384384384384384
1.9137887887887888,0.8320820820820821,0.0,0.0,1.0817067067067065
1.9903403403403404,0.8653653653653653,0.0,0.0,1.124974974974975
2.066891891891892,0.8986486486486487,0.0,0.0,1.1682432432432432
2.1434434434434433,0.9319319319319319,0.0,0.0,1.2115115115115114
2.219994994994995,0.9652152152152152,0.0,0.0,1.25477977977978
2.2965465465465464,0.9984984984984984,0.0,0.0,1.298048048048048
2.3730980980980982,1.0317817817817818,0.0,0.0,1.3413163163163164
2.4496496496496496,1.065065065065065,0.0,0.0,1.3845845845845846
2.526201201201201,1.0983483483483483,0.0,0.0,1.4278528528528527
2.6027527527527528,1.1316316316316317,0.0,0.0,1.471121121121121
2.679304304304304,1.164914914914915,0.0,0.0,1.5143893893893892
2.755855855855856,1.1981981981981982,0.0,0.0,1.5576576576576577
2.8324074074074073,1.2314814814814814,0.0,0.0,1.6009259259259259
2.908958958958959,1.2647647647647648,0.0,0.0,1.6441941941941942
2.9855105105105104,1.298048048048048,0.0,0.0,1.6874624624624623
3.062062062062062,1.3313313313313313,0.0,0.0,1.730730730730731
3.1386136136136136,1.3646146146146148,0.0,0.0,1.7739989989989988
3.215165165165165,1.3978978978978978,0.0,0.0,1.8172672672672672
3.2917167167167167,1.431181181181181,0.0,0.0,1.8605355355355357
3.368268268268268,1.4644644644644644,0.0,0.0,1.9038038038038037
3.44481981981982,1.4977477477477479,0.0,0.0,1.947072072072072
3.5213713713713712,1.531031031031031,0.0,0.0,1.9903403403403401
3.597922922922923,1.5643143143143146,0.0,0.0,2.0336086086086085
3.6744744744744744,1.5975975975975976,0.0,0.0,2.076876876876877
3.7510260260260258,1.6308808808808808,0.0,0.0,2.1201451451451447
3.8275775775775776,1.6641641641641642,0.0,0.0,2.163413413413413
3.904129129129129,1.6974474474474472,0.0,0.0,2.2066816816816814
3.9806806806806807,1.7307307307307307,0.0,0.0,2.24994994994995
4.0572322322322325,1.764014014014014,0.0,0.0,2.2932182182182186
4.133783783783784,1.7972972972972974,0.0,0.0,2.3364864864864865
4.210335335335335,1.8305805805805806,0.0,0.0,2.379754754754755
4.286886886886887,1.860549247509263,0.0,0.0005253216893349831,2.4263376393776235
4.363438438438438,1.8873379710016633,0.0,0.0015325550699842021,2.4761004674367744
4.43998998998999,1.916543673795759,0.000362306521942388,0.0025035122634762246,2.523446316194231
4.5165415415415415,1.9492008579717934,0.0012031855045820316,0.003414515089072459,2.567340683569748
4.593093093093093,1.9818418458818012,0.0020534750462331657,0.004336142739359086,2.6112512472112916
4.669644644644644,2.014471673549699,0.002913326930105653,0.005267788081496655,2.655172971094945
4.7461961961961965,2.047086361337716,0.003782437589779769,0.0062097546819048915,2.6991098348584805
4.822747747747748,2.0796869035722887,0.004660351675625923,0.007161435407744344,2.743060844175459
4.899299299299299,2.112275456993753,0.0055473727540638436,0.008122830259015012,2.7870238423055462
4.9758508508508505,2.1448478173797794,0.006442590125834351,0.00909363566929717,2.831003033471071
5.052402402402402,2.1774104129096523,0.0073466109237769,0.010073548072171095,2.8749919894927496
5.128953953953954,2.209956865586459,0.008258524448632312,0.011062567467636786,2.918997088367495
5.2055055055055055,2.2424915284460925,0.009178634266820312,0.012060390289274515,2.963013977059413
5.282057057057057,2.2750122839100673,0.010106636811921177,0.01306701653708428,3.0070447731469896
5.358608608608608,2.307521347709735,0.011042228517515176,0.014081839078226637,3.051087260898873
5.4351601601601605,2.3400165972061937,0.011985409383602316,0.015105161479121307,3.0951435629539668
5.511711711711712,2.3724957565893185,0.012935572277343137,0.01613668017334857,3.1392159551223933
5.588263263263263,2.4049633805687556,0.013893020765157374,0.017176091594488692,3.1832998826945076
5.6648148148148145,2.4374218535019234,0.014857754847045023,0.01822309217612195,3.227392961312891
5.741366366366366,2.4698643099909345,0.01582886382374691,0.019277681918248347,3.2715020563754313
5.817917917917918,2.5022954593540243,0.01680695482810248,0.020339860820867882,3.315622458563894
5.8944694694694695,2.5347153133493845,0.017791420727272286,0.0214090217511411,3.359754156120085
5.971021021021021,2.567116875759116,0.0187819579548366,0.022485771841907462,3.403904145261905
6.047572572572572,2.5995120135179266,0.01977917364363488,0.023569200393907787,3.4480605590546456
6.124124124124124,2.6318912539732393,0.020782157094407942,0.024659610973561792,3.492232870150885
6.200675675675676,2.6642618346687708,0.021791211873575512,0.025756396448030034,3.536413841006905
6.277227227227227,2.696614144367902,0.022805730848298143,0.026860163950151963,3.5806130828593252
6.3537787787787785,2.7289578986396275,0.023826017584995557,0.027970002780668402,3.624820880139151
6.43033033033033,2.7612932372089185,0.024852072083667763,0.029085912939579354,3.6690370931214114
6.506881881881882,2.7936103551307228,0.025883287211475293,0.030208501559724266,3.7132715267511593
6.5834334334334335,2.8259141519537336,0.026919662968418162,0.03133716150826368,3.7575192814797
6.659984984984985,2.8582096465616864,0.027961199354496362,0.03247128565235816,3.8017753384232984
6.736536536536536,2.8904919669964437,0.0290078963697099,0.03361148112484716,3.8460445695400924
6.8130880880880875,2.922763614076594,0.030059450447639042,0.0347571407928912,3.8903244740114937
6.88963963963964,2.9550170240272084,0.031115558021864064,0.03590887178932976,3.9346226156124313
6.966191191191191,2.987257240862823,0.03217621909238497,0.03706606698132337,3.978933950328368
7.0427427427427425,3.0194920375377277,0.033241737225621494,0.0382281192360326,4.023250705205015
7.119294294294294,3.0517138075292403,0.03431180885515389,0.03939563568629689,4.067580486765054
7.195845845845846,3.0839172981110368,0.03538582684814272,0.040568616332116225,4.111928547734809
7.272397397397397,3.1161103192574418,0.036464094771007705,0.041746454040651186,4.156287078139956
7.348948948948949,3.1482956251400487,0.037546916190168575,0.04292914881190174,4.2006533238089006
7.4255005005005,3.18046795776909,0.038633683972785875,0.04411670064586791,4.24503254273141
7.5020520520520515,3.212619392423918,0.03972409455243988,0.04530971667538913,4.289432659628133
7.578603603603604,3.2447631422957723,0.040818451495550315,0.046506982634786524,4.333840461307831
7.655155155155155,3.2768940105319717,0.04191675480211719,0.047709105656899516,4.378261144623183
7.7317067067067065,3.3090146285203432,0.04301870090572077,0.048915478608888674,4.422692078186364
7.808258258258258,3.3411169620068484,0.04412398623994132,0.050126708623593426,4.467141296251409
7.88480980980981,3.3732118843553494,0.04523321793761831,0.05134218856817434,4.511597925454461
7.961361361361361,3.405285775848087,0.04634548529949256,0.052562525575470864,4.556075585513275
8.037912912912912,3.4373495686312387,0.047461395458403506,0.05378711251264354,4.600563344281673
8.114464464464465,3.469408774992627,0.048580948414351156,0.05501534224685293,4.645055689471838
8.191016016016016,3.501441359493513,0.04970292990165662,0.056248429043777914,4.689574656522503
8.267567567567568,3.533463971072973,0.050828554185998784,0.05748576577057907,4.734103596494595
8.344119119119119,3.565476513038925,0.051957214134538215,0.05872674529441692,4.778642606080194
8.42067067067067,3.597467837982492,0.05308830261443544,0.05997197474813094,4.823202832688178
8.497222222222222,3.629449316457983,0.05422303389136936,0.0612214541317211,4.867772905764239
8.573773773773773,7.211820862823303,0.9806279089252169,0.0,1.3619529109504702
8.650325325325324,7.276333216896582,0.9807481212274284,0.0,1.3739921084287428
8.726876876876876,7.34084923485377,0.9808698513617382,0.0,1.3860276420231061
8.803428428428429,7.4053689558832465,0.9809930993281468,0.0,1.3980594725451825
8.87997997997998,7.469892419134603,0.981117865126654,0.0,1.4100875608453771
8.956531531531532,7.5344193473525305,0.98124384519084,0.0,1.4221121841790012
9.033083083083083,7.598950409694958,0.9813716466535445,0.0,1.4341326733881248
9.109634634634634,7.663485009820278,0.9815006623819278,0.0,1.4461496248143568
9.186186186186186,7.728023503089634,0.9816311959424098,0.0,1.4581626830965515
9.262737737737737,7.792566255390362,0.98176355090141,0.0,1.470171482347375
9.339289289289288,7.857112654407949,0.9818971201260893,0.0,1.4821766348813394
9.41584084084084,7.921663063307688,0.9820322071828672,0.0,1.4941777775331522
9.492392392392393,7.986217855758797,0.9821691156381633,0.0,1.506174536633596
9.568943943943944,8.050776403501684,0.9823072383591385,0.0,1.5181675404422599
9.645495495495496,8.115339417587967,0.9824471824786319,0.0,1.5301560779075292
9.722047047047047,8.179906601873816,0.9825886444302241,0.0,1.5421404451732315
9.798598598598598,8.244477995011122,0.9827316242139148,0.0,1.5541206035874762
9.87515015015015,8.309053635607633,0.9828761218297041,0.0,1.566096514542517
9.951701701701701,8.373633912829577,0.9830224408440118,0.0,1.578067788872124
10.028253253253252,8.43821851983331,0.9831702776904181,0.0,1.5900347334199427
10.104804804804804,8.502807495085902,0.9833196323689231,0.0,1.601997309718902
10.181356356356357,8.567401235467175,0.9834708084459464,0.0,1.613955120889182
10.257907907907908,8.631999426122695,0.9836235023550683,0.0,1.6259084817852134
10.33445945945946,8.696602469060316,0.9837780176627087,0.0,1.6378569903991433
10.411011011011011,8.76121004409077,0.9839340508024474,0.0,1.6498009669202407
10.487562562562562,8.825822558339766,0.9840919053407047,0.0,1.6617400042227963
10.564114114114114,8.890440057799474,0.9842515812774802,0.0,1.6736740563146402
10.640665665665665,8.95506221428723,0.9844127750463547,0.0,1.6856034513784355
10.717217217217216,9.019689065867267,0.9845754866473274,0.0,1.6975281513499496
10.793768768768768,9.084321409184817,0.9847403232132383,0.0,1.709447359583951
10.870320320320321,9.148958533964747,0.984906677611248,0.0,1.7213617863555744
10.946871871871872,9.213600862616868,0.9850748534077758,0.0,1.733271009255004
11.023423423423424,9.278248440771627,0.9852448506028222,0.0,1.7451749826517968
11.099974974974975,9.342901313995,0.9854166691963868,0.0,1.7570736609799749
11.176526526526526,9.407559527787946,0.9855903091884698,0.0,1.7689669987385805
11.253078078078078,9.47222312758582,0.9857657705790711,0.0,1.780854950492257
11.329629629629629,9.53689215875784,0.9859430533681908,0.0,1.7927374708717885
11.40618118118118,9.601566666606491,0.9861221575558289,0.0,1.8046145145746895
11.482732732732732,9.666246696366994,0.9863030831419852,0.0,1.8164860363657382
11.559284284284285,9.730932293206736,0.9864858301266601,0.0,1.8283519910775485
11.635835835835836,9.795623502224712,0.9866703985098532,0.0,1.8402123336111238
11.712387387387388,9.86032077877742,0.9868570918579843,0.0,1.8520666086099684
11.788938938938939,9.925023762635664,0.9870456066046338,0.0,1.8639151763032746
11.86549049049049,9.989732914142593,0.9872362463162215,0.0,1.8757575763478975
11.942042042042042,10.054447449753184,0.9874284038599077,0.0,1.887594592288858
12.018593593593593,10.119168668270358,0.9876229899349518,0.0,1.8994249253232347
12.095145145145144,10.183895783427243,0.9878193974085141,0.0,1.9112493617179016
12.171696696696696,10.248628839805129,0.9880176262805949,0.0,1.9230678568915671
12.248248248248249,10.313368310160756,0.9882179801176136,0.0,1.9348799380874926
12.3247997997998,10.378114246577507,0.9884204589195706,0.0,1.9466855532222933
12.401351351351352,10.442866267703824,0.9886247591200459,0.0,1.9584850836475276
12.477902902902903,10.507624853697887,0.9888311842854592,0.0,1.9702780492050156
12.554454454454454,10.572390056377571,0.9890397344158107,0.0,1.9820643980768828
12.631006006006006,10.637161927467956,0.9892504095111001,0.0,1.99384407853805
12.707557557557557,10.701940518600592,0.9894632095713277,0.0,2.0056170389569647
12.784109109109108,10.766725881312786,0.9896781345964933,0.0,2.017383227796323
12.86066066066066,10.831518067046863,0.9898951845865971,0.0,2.0291425936137966
12.937212212212211,10.896317127149455,0.990114359541639,0.0,2.040895085062756
13.013763763763764,10.961123112870775,0.9903356594616188,0.0,2.0526406508929895
13.090315315315316,11.025936075363898,0.9905590843465368,0.0,2.0643792399514176
13.166866866866867,11.090756524332742,0.9907849377628126,0.0,2.0761103425341254
13.243418418418418,11.155584057112566,0.9910129161440264,0.0,2.087834361305852
13.31996996996997,11.220419188223817,0.9912433230565981,0.0,2.099550781746153
13.396521521521521,11.285261509756388,0.991475854934108,0.0,2.1112600117651326
13.473073073073072,11.350111072348016,0.9917105117765558,0.0,2.1229620007250567
13.549624624624624,11.414968397718694,0.9919475971503613,0.0,2.13465622690593
13.626176176176175,11.479833543794177,0.9921871110555247,0.0,2.146342632381998
13.702727727727728,11.544706092202805,0.9924287499256261,0.0,2.158021635524923
13.77927927927928,11.609586571817466,0.9926728173270855,0.0,2.169692707461813
13.855830830830831,11.674475040202772,0.9929193132599026,0.0,2.181355790628059
13.932382382382382,11.739371554797732,0.9931682377240776,0.0,2.1930108275846507
14.008933933933934,11.804276172914864,0.9934195907196102,0.0,2.204657761019069
14.085485485485485,11.86918895173929,0.9936733722465008,0.0,2.2162965337461955
14.162037037037036,11.93410994832784,0.9939295823047491,0.0,2.2279270887091958
14.238588588588588,11.999039219608182,0.9941882208943553,0.0,2.2395493689804056
14.315140140140139,12.063977318375928,0.994449591581739,0.0,2.2511628217642112
14.391691691691692,12.128923311763447,0.9947130872340607,0.0,2.2627683799282448
14.468243243243244,12.193878751673074,0.9949796185505796,0.0,2.2743644915701697
14.544794794794795,12.258842199117307,0.9952482748320367,0.0,2.2859525956774878
14.621346346346346,12.323815220455995,0.9955199667776911,0.0,2.2975311258903517
14.697897897897898,12.38879636168713,0.9957937836882834,0.0,2.3091015362107683
14.774449449449449,12.453787203578152,0.996070636263073,0.0,2.320662245871297
14.851001001001,12.518786790303212,0.9963499173692205,0.0,2.3322142106977886
14.927552552552552,1.4901808873095759,0.0,0.98939429999405,13.437371665242976
15.004104104104103,1.4976136288742146,0.0,0.9895737077481078,13.506490475229889
15.080655655655656,1.5050421604438122,0.0,0.989754936900684,13.575613495211844
15.157207207207207,1.5124671669185539,0.0,0.9899373803189391,13.644740040288653
15.233758758758759,1.5198882696928722,0.0,0.9901213415692928,13.713870489065886
15.31031031031031,1.5273054441495082,0.0,0.9903068206517449,13.783004866160802
15.386861861861862,1.534718665713185,0.0,0.9904938175662958,13.852143196148676
15.463413413413413,1.542127909850872,0.0,0.9906823323129454,13.92128550356254
15.539964964964964,1.549533152072039,0.0,0.9908723648916936,13.990431812892925
15.616516516516516,1.5569343679289172,0.0,0.9910639153025405,14.059582148587598
15.693068068068067,1.564331533016754,0.0,0.9912569835454859,14.128736535051313
15.76961961961962,1.5717242520543504,0.0,0.9914518731869495,14.19789536756527
15.846171171171171,1.5791132408762345,0.0,0.9916479770940922,14.267057930294937
15.922722722722723,1.5864977316858682,0.0,0.9918459023997532,14.336224991036854
15.999274274274274,1.5938780711786589,0.0,0.9920453455375129,14.405396203095615
16.075825825825824,1.6012542351746242,0.0,0.9922463065073711,14.4745715906512
16.152377377377377,1.6086261995383622,0.0,0.9924487853093281,14.543751177839015
16.22892892892893,1.615993559168027,0.0,0.9926530855098034,14.612935369760903
16.30548048048048,1.623356667679492,0.0,0.9928589035423773,14.682123812800988
16.382032032032033,1.6307155010785768,0.0,0.9930662394070497,14.751316530953456
16.458583583583582,1.6380696493870317,0.0,0.9932753966702407,14.820513934196551
16.535135135135135,1.6454190836961702,0.0,0.9934863753319498,14.889716051438965
16.611686686686685,1.6527641645205648,0.0,0.9936988718257578,14.95892252216612
16.688238238238238,1.6601048680622172,0.0,0.9939128861516642,15.028133370176022
16.764789789789788,1.6674407778786118,0.0,0.994128721876089,15.097349011911176
16.84134134134134,1.67477186528502,0.0,0.9943463789990323,15.16656947605632
16.917892892892894,1.6820984976656406,0.0,0.9945655539540741,15.235794395227254
16.994444444444444,1.689420253758601,0.0,0.9947865503076343,15.305024190685842
17.070995995995997,1.6967375043716646,0.0,0.995009064493293,15.374258491624332
17.147547547547546,1.704049424071296,0.0,0.9952337036438899,15.44349812347625
17.2240990990991,1.71135678475231,0.0,0.9954598606265854,15.51274231434679
17.30065065065065,1.7186591587644047,0.0,0.9956878390077992,15.581991491886244
17.377202202202202,1.725956517837252,0.0,0.9959176387875314,15.65124568436495
17.45375375375375,1.7332488337630227,0.0,0.996149259965782,15.720504919990729
17.530305305305305,1.7405364875867313,0.0,0.9963823989761311,15.789768817718574
17.606856856856858,1.747818634483709,0.0,0.9966176629514185,15.85903822237315
17.683408408408408,1.755095653986151,0.0,0.996854748325224,15.928312754422256
17.75995995995996,1.7623675181396217,0.0,0.997093655097548,15.99759244182034
17.83651151151151,1.7696341990538769,0.0,0.9973343832683904,16.066877312457635
17.913063063063063,1.7768956689032023,0.0,0.9975769328377511,16.136167394159862
17.989614614614613,1.784151690438294,0.0,0.99782145558884,16.20546292417632
18.066166166166166,1.7914024438293237,0.0,0.9980677997384473,16.274763722336843
18.142717717717716,1.7986476903400965,0.0,0.9983161170697827,16.34407002737762
18.21926926926927,1.805887611902162,0.0,0.9985662557996364,16.413381657367108
18.295820820820822,1.8131219682988615,0.0,0.9988183677112186,16.48269885252196
18.37237237237237,1.8203507296873582,0.0,0.9990724528045287,16.552021642685013
18.448923923923925,1.8275738662993435,0.0,0.9993285110795671,16.621350057624582
18.525475475475474,1.8347913484414142,0.0,0.9995865425363338,16.69068412703406
18.602027027027027,1.8420031464954552,0.0,0.9998465471748288,16.760023880531573
18.678578578578577,1.8493642157008492,0.0,1.0,16.829214362877728
18.75513013013013,1.8569435772406069,0.0,1.0,16.898186552889523
18.83168168168168,1.8645229387803646,0.0,1.0,16.967158742901315
18.908233233233233,1.872102300320122,0.0,1.0,17.03613093291311
18.984784784784786,1.8796816618598797,0.0,1.0,17.105103122924906
19.061336336336336,1.8872610233996372,0.0,1.0,17.174075312936697
19.13788788788789,1.8948403849393949,0.0,1.0,17.243047502948492
19.214439439439438,1.9024443321061448,2.390585555338337e-06,1.0,17.311995107333292
19.29099099099099,1.9127334653569181,0.00026486170121050147,1.0,17.378257525634073
19.36754254254254,1.9230648769872771,0.0005294198360012774,1.0,17.444477665555265
19.444094094094094,1.9334376096391312,0.0007959511525202692,1.0,17.510656484454962
19.520645645645644,1.9438550440055087,0.0010647592171872022,1.0,17.576790601640134
19.597197197197197,1.9543158372533174,0.0013356922467922137,1.0,17.64288135994388
19.67374874874875,1.9648218137760345,0.0016089020245451664,1.0,17.708926934972716
19.7503003003003,1.9753700173989184,0.001884084984026335,1.0,17.77493028290138
19.826851851851853,1.9859654791024277,0.0021616964748653075,1.0,17.840886372749424
19.903403403403402,1.9966036237308098,0.002441281147432496,1.0,17.906799779672593
19.979954954954955,2.0072895153048296,0.002723294351357488,1.0,17.972665439650125
20.056506506506505,2.018020167237637,0.003007432520220559,1.0,18.038486339268868
20.133058058058058,2.028799064171609,0.0032939992204414343,1.0,18.10425899388645
20.209609609609608,2.0396231958323114,0.003582690885600387,1.0,18.169986413777295
20.28616116116116,2.050496068348421,0.003873811082117145,1.0,18.235665092812738
20.362712712712714,2.061417940054558,0.004167359809991707,1.0,18.301294772658157
20.439264264264263,2.0723857652240776,0.004463033502804347,1.0,18.366878499040187
20.515815815815817,2.083403082041833,0.004761135726974791,1.0,18.432412733773983
20.592367367367366,2.094470147079966,0.0050616664825030395,1.0,18.4978972202874
20.66891891891892,2.1055872162994516,0.00536462576938909,1.0,18.563331702619468
20.74547047047047,2.1167511968868613,0.005669710021213222,1.0,18.628719273583606
20.822022022022022,2.127969028761364,0.005977526370814882,1.0,18.69405299326066
20.89857357357357,2.1392376290198833,0.0062877712517743455,1.0,18.759335944553687
20.975125125125125,2.1505572511476116,0.006600444664091614,1.0,18.824567873977514
21.051676676676678,2.161931540575814,0.006915850174186411,1.0,18.889745136100863
21.128228228228227,2.173357379074675,0.007233684215639013,1.0,18.95487084915355
21.20477977977978,2.184835018185127,0.007553946788449418,1.0,19.019944761594655
21.28133133133133,2.1963647088119806,0.007876637892617628,1.0,19.08496662251935
21.357882882882883,2.207950137907849,0.008202061094563368,1.0,19.149932744975033
21.434434434434433,2.219591588040213,0.008530216394286638,1.0,19.21484284639422
21.510985985985986,2.2312858823885007,0.008860800225367711,1.0,19.279700103597484
21.587537537537536,2.243036738740152,0.009194116154226313,1.0,19.344500798797384
21.66408908908909,2.2548444374287313,0.009530164180862446,1.0,19.40924465166036
21.740640640640642,2.266709258015841,0.009868944305276107,1.0,19.4739313826248
21.81719219219219,2.2786314792873825,0.010210456527467297,1.0,19.538560712904808
21.893743743743745,2.2906078661169356,0.010554397281016292,1.0,19.60313587762681
21.970295295295294,2.3026457111538137,0.010901373698762543,1.0,19.66764958414148
22.046846846846847,2.314741788562082,0.011251082214286322,1.0,19.732105058284766
22.123398398398397,2.326896373987939,0.011603522827587632,1.0,19.796502024410458
22.19994994994995,2.339113298651957,0.011958999105086196,1.0,19.860836651297994
22.2765015015015,2.351389301752902,0.01231720748036229,1.0,19.925112199748597
22.353053053053053,2.3637246564811867,0.012678147953415913,1.0,19.989328396571867
22.429604604604606,2.3761232237935728,0.013042124090666789,1.0,20.053481380811032
22.506156156156155,2.388585307340816,0.013409135892114923,1.0,20.11757084881534
22.58270770770771,2.4011112098304173,0.01377918335776031,1.0,20.18159649787729
22.659259259259258,2.4136976124479674,0.014151962921183227,1.0,20.24556164681129
22.73581081081081,2.426348415329595,0.014527778148803402,1.0,20.309462395481216
22.81236236236236,2.439063918395131,0.014906629040620829,1.0,20.37329844396723
22.888913913913914,2.4518444206041443,0.015288515596635513,1.0,20.43706949330977
22.965465465465464,2.464693882883407,0.015673741383267176,1.0,20.500771582582058
23.042017017017017,2.477605286927648,0.01606169926767637,1.0,20.56441173008937
23.11856856856857,2.490586265137955,0.01645299638270254,1.0,20.627982303430613
23.19512012012012,2.5036334495889476,0.016847329161925974,1.0,20.691486670531173
23.271671671671672,2.5167508392202893,0.017245001171766382,1.0,20.754920832451383
23.348223223223222,2.529935043029473,0.01764570884580404,1.0,20.81828818019375
23.424774774774775,2.543193804518292,0.018050059316878413,1.0,20.881580970256483
23.501326326326325,2.5565162685507463,0.018457141885730312,1.0,20.944810057775577
23.577877877877878,2.5699139334122494,0.018867867251618917,1.0,21.00796394446563
23.654429429429428,2.5833833931946204,0.019281931848124503,1.0,21.071046036234808
23.73098098098098,2.596924966596239,0.019699335675247072,1.0,21.13405601438474
23.807532532532534,2.6105389711561924,0.02012007873298662,1.0,21.196993561376342
23.884084084084083,2.6242257232494746,0.020544161021343148,1.0,21.25985836083461
23.960635635635636,2.637985538082221,0.020971582540316655,1.0,21.322650097553414
24.037187187187186,10.444986377292532,0.9886314375812799,0.9897986504651244,13.592200809894655
24.11373873873874,10.478206112316775,0.9887370786953442,0.9899130950053611,13.635532626421965
24.19029029029029,10.511427136149049,0.9888433269422483,0.9900278431120172,13.67886315414124
24.266841841841842,10.544646333883112,0.9889501823219916,0.9901435019179327,13.72219550795873
24.34339339339339,10.577865260849979,0.9890576448345745,0.9902597678566876,13.765528132543412
24.419944944944945,10.611082341318397,0.989165410913577,0.9903766409282818,13.808862603626547
24.496496496496498,10.644299141800737,0.9892737841254191,0.9904941211327156,13.852197354695761
24.573048048048047,10.677517246290698,0.9893827644701005,0.9906119049035691,13.89553080175735
24.6495995995996,10.710733492132459,0.9894923519476214,0.9907305993736818,13.938866107467142
24.72615115115115,10.74394945683122,0.9896022429915621,0.9908495974102142,13.98220169431993
24.802702702702703,10.777165143996674,0.989713044734762,0.9909695061460058,14.025537558706029
24.879254254254253,10.81038055036372,0.9898241500443814,0.991089718448217,14.068873703890533
24.955805805805806,10.843594070205445,0.9899358624868404,0.9912108414496875,14.112211735600361
25.032357357357355,10.87680891422631,0.9900481820621388,0.9913322680175778,14.155548443131046
25.10890890890891,10.910020243625093,0.9901608052038571,0.9914546052847272,14.198888665283816
25.185460460460458,10.943234521302454,0.9902743390448343,0.9915772461182963,14.242225939158004
25.26201201201201,10.976446894201235,0.9903884800186511,0.9917007976511245,14.285565117810776
25.338563563563564,11.009657346394354,0.9905029245588877,0.9918249563167922,14.32890621716921
25.415115115115114,11.042869137997997,0.9906179762319636,0.9919494185488796,14.372245977117117
25.491666666666667,11.076079001627432,0.990733635037879,0.9920747914802263,14.415587665039235
25.568218218218217,11.109288568911028,0.990849900976634,0.9922007715444123,14.458929649307189
25.64476976976977,11.142499490470216,0.9909667740482282,0.9923270551750182,14.502270279299553
25.72132132132132,11.175708470434197,0.9910842542526621,0.9924542495048831,14.545612850887123
25.797872872872873,11.208917154680998,0.9912023415899353,0.9925820509675876,14.588955718191874
25.874424424424422,11.242123876788911,0.9913207324936282,0.9927104595631314,14.632300547635511
25.950975975975975,11.275331965480932,0.9914400340965803,0.9928394752915148,14.675644010495043
26.02752752752753,11.308538082949935,0.9915596392659523,0.9929690981527377,14.718989444577593
26.104079079079078,11.341743898106813,0.9916801551345833,0.9930996317132197,14.762335180972265
26.18063063063063,11.37494940707795,0.9918009745696339,0.9932304688401212,14.80568122355268
26.25718218218218,11.408154614219976,0.9919227047039437,0.9933622166662821,14.849027567962205
26.333733733733734,11.441359515580432,0.9920447384046733,0.9934942680588628,14.892374218153302
26.410285285285283,11.474562415704991,0.9921673792382425,0.9936272301507025,14.935722869580292
26.486836836836837,11.507766707763972,0.9922909307710708,0.9937607993753818,14.979070129072865
26.563388388388386,11.540967280256586,0.9924147858703188,0.9938952792993202,15.0224211081318
26.63993993993994,11.574169242987159,0.9925392481024062,0.9940300627896783,15.06577069695278
26.716491491491492,11.60737261256815,0.9926646210337529,0.9941654534128759,15.109118878923342
26.793043043043042,11.640572234904884,0.9927902975315193,0.9943017547353326,15.152470808138158
26.869594594594595,11.673771536275375,0.9929165811621251,0.9944386631906288,15.19582305831922
26.946146146146145,11.706972249981044,0.9930437754919901,0.9945761787787645,15.2391738961651
27.022697697697698,11.74016917939407,0.9931712733882748,0.9947146050661593,15.282528518303629
27.099249249249247,11.773369261858875,0.9932996819838187,0.9948533349199739,15.325879987390373
27.1758008008008,11.806565541646066,0.9934283941457823,0.9949929754730475,15.369235259154735
27.25235235235235,11.839763244246187,0.9935580170070051,0.9951332231589607,15.412589108106163
27.328903903903903,11.872960627387325,0.9936882470010673,0.9952740779777134,15.455943276516578
27.405455455455456,11.906155932326339,0.993819084127969,0.9954158434957252,15.499299523129118
27.482007007007006,11.939349142782227,0.9939502248212904,0.9955582161465766,15.542657864224779
27.55855855855856,11.972543786551109,0.9940822762138711,0.9957011959302672,15.58601477200745
27.63511011011011,12.005739878036884,0.9942152383057108,0.9958447828467973,15.629370232073224
27.711661661661662,12.038932093333912,0.9943485039639703,0.9959892804625866,15.67272956832775
27.78821321321321,12.072123971929296,0.9944823767550693,0.9961343852112153,15.716089241283916
27.864764764764764,12.10531730377557,0.9946171602454273,0.9962800970926837,15.759447460989195
27.941316316316314,12.138506722659864,0.9947522473022052,0.9964267196734111,15.80280959365645
28.017867867867867,12.17169759537569,0.9948882450582422,0.9965739493869781,15.846170272492177
28.09441941941942,12.204888132503752,0.9950248499471188,0.9967217862333844,15.889531286915668
28.17097097097097,12.238076528471947,0.9951620619688346,0.9968705337790498,15.932894442499023
28.247522522522523,12.271266393239108,0.9953001846898097,0.9970198884575547,15.976256129283415
28.324074074074073,12.30445410539116,0.9954386109772047,0.9971698502688991,16.01961996868291
28.400625625625626,12.337641476431424,0.9955779479638587,0.9973207227795028,16.0629841491942
28.477177177177175,12.370827591701444,0.9957178920833522,0.9974723542061557,16.106349585475733
28.55372872872873,12.404013359076822,0.995858443335685,0.997624592765648,16.149715369651908
28.630280280280278,12.437197861921991,0.9959996017208573,0.9977775902411896,16.193082418358287
28.70683183183183,12.47038293486318,0.9961416708052888,0.9979313466327806,16.236448896968653
28.783383383383384,12.503566739241062,0.9962843470225599,0.9980858619404208,16.279816644142322
28.859934934934934,12.536750192266826,0.9964276303726702,0.9982409843809006,16.323184742668108
28.936486486486487,12.56993144177381,0.9965715208556202,0.9983970175206395,16.366555044712676
29.013038038038037,12.603114191256031,0.9967163220378292,0.9985536577932179,16.409923846782007
29.08958958958959,12.636294728565916,0.9968617303528777,0.9987112087650554,16.45329486102367
29.16614114114114,12.669474906463835,0.9970077458007657,0.9988693668697324,16.496666234677306
29.242692692692692,12.702652854215234,0.9971543683814932,0.9990284356736685,16.54003983847746
29.319244244244242,12.73583231259884,0.9973019016614797,0.9991881116104442,16.5834119316454
29.395795795795795,12.769009532225686,0.9974500420743058,0.999348698246479,16.62678626357011
29.47234734734735,12.802188272484374,0.9975990931863911,0.9995098920153531,16.670159074862973
29.548898898898898,12.835363819042518,0.9977485996481059,0.9996719964834866,16.713535079856378
29.62545045045045,12.868540418020572,0.9978990168090799,0.9998347839760644,16.75691003242988
29.702002002002,12.901715228808145,0.9980500411028933,0.9999984062762964,16.800286773193854
29.778553553553554,12.935940031132068,0.9982065295922617,1.0,16.842613522421487
29.855105105105103,12.970185475122612,0.9983639287808894,1.0,16.88491962998249
29.931656656656656,13.004441633152442,0.9985222386687762,1.0,16.927215023504214
30.008208208208206,13.038707586054908,0.9986813074727124,1.0,16.969500622153298
30.08475975975976,13.07298433067097,0.9988412869759078,1.0,17.01177542908879
30.161311311311312,13.107270943105224,0.9990020253951524,1.0,17.05404036820609
30.237862862862862,13.141567457455832,0.9991635227304464,1.0,17.09629540540703
30.314414414414415,13.175875847171989,0.9993260825482094,1.0,17.138538567242428
30.390965965965965,13.210193244229266,0.9994892494988118,1.0,17.180772721736698
30.467517517517518,13.244522598698756,0.9996534789318833,1.0,17.222994918818763
30.544069069069067,13.278862005191893,0.9998184672810041,1.0,17.265207063877174
30.62062062062062,13.313211987171895,0.9999842904377793,1.0,17.307408633448723
30.69717217217217,13.346596596596594,1.0,1.0,17.350575575575576
30.773723723723723,13.37987987987988,1.0,1.0,17.393843843843843
30.850275275275276,13.413163163163164,1.0,1.0,17.43711211211211
30.926826826826826,13.446446446446446,1.0,1.0,17.48038038038038
31.00337837837838,13.479729729729732,1.0,1.0,17.523648648648646
31.07992992992993,13.513013013013014,1.0,1.0,17.566916916916917
31.15648148148148,13.546296296296298,1.0,1.0,17.610185185185184
31.23303303303303,13.57957957957958,1.0,1.0,17.65345345345345
31.309584584584584,13.612862862862862,1.0,1.0,17.696721721721723
31.386136136136134,13.646146146146146,1.0,1.0,17.739989989989986
31.462687687687687,13.679429429429428,1.0,1.0,17.783258258258257
31.53923923923924,13.712712712712714,1.0,1.0,17.82652652652653
31.61579079079079,13.745995995995996,1.0,1.0,17.869794794794792
31.692342342342343,13.77927927927928,1.0,1.0,17.913063063063063
31.768893893893893,13.812562562562562,1.0,1.0,17.95633133133133
31.845445445445446,13.845845845845846,1.0,1.0,17.9995995995996
31.921996996996995,13.879129129129128,1.0,1.0,18.04286786786787
31.99854854854855,13.912412412412413,1.0,1.0,18.086136136136133
32.0751001001001,13.945695695695695,1.0,1.0,18.129404404404404
32.15165165165165,13.978978978978978,1.0,1.0,18.172672672672668
32.2282032032032,14.012262262262261,1.0,1.0,18.21594094094094
32.304754754754754,14.045545545545544,1.0,1.0,18.25920920920921
32.38130630630631,14.07882882882883,1.0,1.0,18.302477477477478
32.45785785785786,14.112112112112113,1.0,1.0,18.345745745745745
32.534409409409406,14.145395395395395,1.0,1.0,18.38901401401401
32.61096096096096,14.178678678678677,1.0,1.0,18.43228228228228
32.68751251251251,14.211961961961961,1.0,1.0,18.47555055055055
32.764064064064065,14.245245245245247,1.0,1.0,18.51881881881882
32.84061561561561,14.278528528528525,1.0,1.0,18.562087087087086
32.917167167167165,14.311811811811811,1.0,1.0,18.605355355355353
32.99371871871872,14.345095095095095,1.0,1.0,18.64862362362362
33.07027027027027,14.37837837837838,1.0,1.0,18.691891891891892
33.146821821821824,14.411661661661663,1.0,1.0,18.735160160160163
33.22337337337337,14.444944944944943,1.0,1.0,18.778428428428427
33.29992492492492,14.478228228228229,1.0,1.0,18.821696696696694
33.376476476476476,14.511511511511511,1.0,1.0,18.864964964964965
33.45302802802803,14.544794794794795,1.0,1.0,18.908233233233233
33.529579579579575,14.578078078078077,1.0,1.0,18.951501501501497
33.60613113113113,14.611361361361359,1.0,1.0,18.994769769769768
33.68268268268268,14.644644644644645,1.0,1.0,19.03803803803804
33.759234234234235,14.677927927927929,1.0,1.0,19.081306306306306
33.83578578578579,14.71121121121121,1.0,1.0,19.124574574574577
33.912337337337334,14.744494494494493,1.0,1.0,19.16784284284284
33.98888888888889,14.777777777777777,1.0,1.0,19.21111111111111
34.06544044044044,14.811061061061062,1.0,1.0,19.25437937937938
34.14199199199199,14.844344344344345,1.0,1.0,19.29764764764765
34.21854354354354,14.877627627627627,1.0,1.0,19.340915915915915
34.29509509509509,14.91091091091091,1.0,1.0,19.384184184184182
34.371646646646646,14.944194194194193,1.0,1.0,19.427452452452453
34.4481981981982,14.977477477477478,1.0,1.0,19.47072072072072
34.52474974974975,15.010760760760762,1.0,1.0,19.51398898898899
34.6013013013013,15.04404404404404,1.0,1.0,19.557257257257255
34.67785285285285,15.077327327327327,1.0,1.0,19.600525525525526
34.754404404404404,15.11061061061061,1.0,1.0,19.643793793793794
34.83095595595596,15.143893893893896,1.0,1.0,19.68706206206206
34.9075075075075,15.177177177177175,1.0,1.0,19.73033033033033
34.98405905905906,15.21046046046046,1.0,1.0,19.773598598598596
35.06061061061061,15.243743743743744,1.0,1.0,19.816866866866867
35.13716216216216,15.277027027027026,1.0,1.0,19.86013513513514
35.213713713713716,15.310310310310312,1.0,1.0,19.903403403403402
35.29026526526526,15.343593593593592,1.0,1.0,19.94667167167167
35.366816816816815,15.376876876876874,1.0,1.0,19.98993993993994
35.44336836836837,15.41016016016016,1.0,1.0,20.033208208208208
35.51991991991992,15.443443443443444,1.0,1.0,20.07647647647648
35.59647147147147,15.476726726726724,1.0,1.0,20.119744744744743
35.67302302302302,15.510010010010008,1.0,1.0,20.163013013013014
35.749574574574574,15.543293293293294,1.0,1.0,20.206281281281278
35.82612612612613,15.576576576576578,1.0,1.0,20.24954954954955
35.90267767767768,15.60985985985986,1.0,1.0,20.29281781781782
35.979229229229226,15.643143143143142,1.0,1.0,20.336086086086084
36.05578078078078,15.676426426426426,1.0,1.0,20.379354354354355
36.13233233233233,15.709709709709708,1.0,1.0,20.422622622622626
36.208883883883885,15.742992992992994,1.0,1.0,20.46589089089089
36.28543543543543,15.776276276276276,1.0,1.0,20.509159159159154
36.361986986986985,15.809559559559558,1.0,1.0,20.552427427427425
36.43853853853854,15.842842842842842,1.0,1.0,20.595695695695696
36.51509009009009,15.876126126126128,1.0,1.0,20.638963963963963
36.591641641641644,15.909409409409411,1.0,1.0,20.68223223223223
36.66819319319319,15.94269269269269,1.0,1.0,20.7255005005005
36.74474474474474,15.975975975975976,1.0,1.0,20.768768768768766
36.821296296296296,16.00925925925926,1.0,1.0,20.812037037037037
36.89784784784785,16.04254254254254,1.0,1.0,20.855305305305308
36.974399399399395,16.075825825825824,1.0,1.0,20.89857357357357
37.05095095095095,16.10910910910911,1.0,1.0,20.94184184184184
37.1275025025025,16.14239239239239,1.0,1.0,20.98511011011011
37.204054054054055,16.175675675675677,1.0,1.0,21.028378378378378
37.28060560560561,16.20895895895896,1.0,1.0,21.07164664664665
37.357157157157154,16.24224224224224,1.0,1.0,21.114914914914912
37.43370870870871,16.275525525525524,1.0,1.0,21.158183183183183
37.51026026026026,16.30880880880881,1.0,1.0,21.20145145145145
37.58681181181181,16.342092092092095,1.0,1.0,21.24471971971972
37.66336336336336,16.375375375375373,1.0,1.0,21.287987987987986
37.73991491491491,16.40865865865866,1.0,1.0,21.331256256256253
37.816466466466466,16.44194194194194,1.0,1.0,21.374524524524524
37.89301801801802,16.475225225225223,1.0,1.0,21.417792792792795
37.96956956956957,16.50850850850851,1.0,1.0,21.461061061061063
38.04612112112112,16.54179179179179,1.0,1.0,21.504329329329327
38.12267267267267,16.575075075075077,1.0,1.0,21.547597597597594
38.199224224224224,16.60835835835836,1.0,1.0,21.590865865865865
38.27577577577578,16.64164164164164,1.0,1.0,21.634134134134136
38.35232732732732,16.674924924924923,1.0,1.0,21.6774024024024
38.428878878878876,16.708208208208205,1.0,1.0,21.72067067067067
38.50543043043043,16.74149149149149,1.0,1.0,21.76393893893894
38.58198198198198,16.774774774774777,1.0,1.0,21.807207207207206
38.658533533533536,16.80805805805806,1.0,1.0,21.850475475475477
38.73508508508508,16.84134134134134,1.0,1.0,21.89374374374374
38.811636636636635,16.874624624624623,1.0,1.0,21.937012012012012
38.88818818818819,16.90790790790791,1.0,1.0,21.98028028028028
38.96473973973974,16.94119119119119,1.0,1.0,22.02354854854855
39.04129129129129,16.974474474474473,1.0,1.0,22.066816816816814
39.11784284284284,17.00775775775776,1.0,1.0,22.110085085085082
39.19439439439439,17.04104104104104,1.0,1.0,22.153353353353353
39.27094594594595,17.074324324324323,1.0,1.0,22.196621621621624
39.3474974974975,17.10760760760761,1.0,1.0,22.23988988988989
39.424049049049046,17.140890890890887,1.0,1.0,22.28315815815816
39.5006006006006,17.174174174174173,1.0,1.0,22.326426426426426
39.57715215215215,17.20745745745746,1.0,1.0,22.369694694694694
39.653703703703705,17.240740740740744,1.0,1.0,22.41296296296296
39.73025525525525,17.274024024024023,1.0,1.0,22.45623123123123
39.806806806806804,17.30730730730731,1.0,1.0,22.499499499499496
39.88335835835836,17.34059059059059,1.0,1.0,22.542767767767767
39.95990990990991,17.373873873873872,1.0,1.0,22.586036036036038
40.036461461461464,17.407157157157158,1.0,1.0,22.629304304304306
40.11301301301301,17.44044044044044,1.0,1.0,22.67257257257257
40.18956456456456,17.473723723723722,1.0,1.0,22.71584084084084
40.266116116116116,17.507007007007008,1.0,1.0,22.759109109109108
40.34266766766767,17.54029029029029,1.0,1.0,22.80237737737738
40.419219219219215,17.573573573573572,1.0,1.0,22.845645645645643
40.49577077077077,17.606856856856854,1.0,1.0,22.888913913913914
40.57232232232232,17.64014014014014,1.0,1.0,22.93218218218218
40.648873873873875,17.673423423423426,1.0,1.0,22.97545045045045
40.72542542542543,17.706706706706708,1.0,1.0,23.01871871871872
40.801976976976974,17.73998998998999,1.0,1.0,23.061986986986984
40.87852852852853,17.773273273273272,1.0,1.0,23.105255255255255
40.95508008008008,17.806556556556554,1.0,1.0,23.148523523523526
41.03163163163163,17.83983983983984,1.0,1.0,23.191791791791793
41.10818318318318,17.873123123123122,1.0,1.0,23.235060060060057
41.18473473473473,17.906406406406404,1.0,1.0,23.278328328328328
41.261286286286285,17.93968968968969,1.0,1.0,23.321596596596596
41.33783783783784,17.972972972972972,1.0,1.0,23.364864864864867
41.41438938938939,18.006256256256258,1.0,1.0,23.408133133133134
41.49094094094094,18.039539539539536,1.0,1.0,23.4514014014014
41.56749249249249,18.072822822822822,1.0,1.0,23.49466966966967
41.644044044044044,18.106106106106107,1.0,1.0,23.537937937937937
41.7205955955956,18.13938938938939,1.0,1.0,23.581206206206208
41.79714714714714,18.17267267267267,1.0,1.0,23.62447447447447
41.873698698698696,18.205955955955957,1.0,1.0,23.66774274274274
41.95025025025025,18.239239239239236,1.0,1.0,23.711011011011013
42.0268018018018,18.27252252252252,1.0,1.0,23.75427927927928
42.103353353353356,18.305805805805807,1.0,1.0,23.79754754754755
42.1799049049049,18.339089089089086,1.0,1.0,23.840815815815816
42.256456456456455,18.37237237237237,1.0,1.0,23.884084084084083
42.33300800800801,18.405655655655657,1.0,1.0,23.92735235235235
42.40955955955956,18.43893893893894,1.0,1.0,23.970620620620622
42.48611111111111,18.47222222222222,1.0,1.0,24.013888888888886
42.56266266266266,18.505505505505504,1.0,1.0,24.057157157157157
42.63921421421421,18.53878878878879,1.0,1.0,24.100425425425424
42.71576576576577,18.57207207207207,1.0,1.0,24.143693693693695
42.79231731731732,18.605355355355357,1.0,1.0,24.186961961961963
42.868868868868866,18.63863863863864,1.0,1.0,24.230230230230227
42.94542042042042,18.67192192192192,1.0,1.0,24.273498498498498
43.02197197197197,18.705205205205203,1.0,1.0,24.31676676676677
43.098523523523525,18.73848848848849,1.0,1.0,24.360035035035036
43.17507507507507,18.77177177177177,1.0,1.0,24.4033033033033
43.251626626626624,18.805055055055053,1.0,1.0,24.44657157157157
43.32817817817818,18.83833833833834,1.0,1.0,24.48983983983984
43.40472972972973,18.87162162162162,1.0,1.0,24.53310810810811
43.481281281281284,18.904904904904903,1.0,1.0,24.57637637637638
43.55783283283283,18.938188188188185,1.0,1.0,24.619644644644644
43.63438438438438,18.97147147147147,1.0,1.0,24.662912912912912
43.710935935935936,19.004754754754753,1.0,1.0,24.706181181181183
43.78748748748749,19.03803803803804,1.0,1.0,24.74944944944945
43.864039039039035,19.07132132132132,1.0,1.0,24.792717717717714
43.94059059059059,19.104604604604607,1.0,1.0,24.83598598598598
44.01714214214214,19.137887887887885,1.0,1.0,24.879254254254256
44.093693693693695,19.17117117117117,1.0,1.0,24.922522522522524
44.17024524524525,19.204454454454456,1.0,1.0,24.96579079079079
44.246796796796794,19.237737737737735,1.0,1.0,25.00905905905906
44.32334834834835,19.27102102102102,1.0,1.0,25.052327327327326
44.3998998998999,19.304304304304306,1.0,1.0,25.095595595595594
44.47645145145145,19.33758758758759,1.0,1.0,25.138863863863865
44.553003003003,19.37087087087087,1.0,1.0,25.18213213213213
44.62955455455455,19.404154154154153,1.0,1.0,25.2254004004004
44.706106106106105,19.43743743743744,1.0,1.0,25.268668668668667
44.78265765765766,19.47072072072072,1.0,1.0,25.311936936936938
44.85920920920921,19.504004004004006,1.0,1.0,25.355205205205205
44.93576076076076,19.53728728728729,1.0,1.0,25.39847347347347
45.01231231231231,19.57057057057057,1.0,1.0,25.44174174174174
45.088863863863864,19.603853853853852,1.0,1.0,25.48501001001001
45.16541541541542,19.637137137137138,1.0,1.0,25.52827827827828
45.24196696696696,19.670420420420417,1.0,1.0,25.571546546546546
45.318518518518516,19.703703703703702,1.0,1.0,25.614814814814814
45.39507007007007,19.736986986986988,1.0,1.0,25.65808308308308
45.47162162162162,19.77027027027027,1.0,1.0,25.701351351351352
45.548173173173176,19.803553553553552,1.0,1.0,25.744619619619623
45.62472472472472,19.836836836836834,1.0,1.0,25.787887887887887
45.701276276276275,19.87012012012012,1.0,1.0,25.831156156156155
45.77782782782783,19.903403403403402,1.0,1.0,25.874424424424426
45.85437937937938,19.936686686686688,1.0,1.0,25.917692692692693
45.93093093093093,19.96996996996997,1.0,1.0,25.960960960960957
46.00748248248248,20.003253253253252,1.0,1.0,26.004229229229228
46.08403403403403,20.036536536536534,1.0,1.0,26.0474974974975
46.160585585585586,20.06981981981982,1.0,1.0,26.090765765765767
46.23713713713714,20.103103103103106,1.0,1.0,26.134034034034034
46.313688688688686,20.136386386386384,1.0,1.0,26.1773023023023
46.39024024024024,20.16966966966967,1.0,1.0,26.22057057057057
46.46679179179179,20.202952952952955,1.0,1.0,26.263838838838836
46.543343343343345,20.236236236236238,1.0,1.0,26.307107107107107
46.61989489489489,20.26951951951952,1.0,1.0,26.35037537537537
46.696446446446444,20.302802802802802,1.0,1.0,26.393643643643642
46.772997997998,20.336086086086084,1.0,1.0,26.436911911911913
46.84954954954955,20.36936936936937,1.0,1.0,26.48018018018018
46.9261011011011,20.402652652652655,1.0,1.0,26.52344844844845
47.00265265265265,20.435935935935934,1.0,1.0,26.566716716716716
47.0792042042042,20.46921921921922,1.0,1.0,26.609984984984983
47.155755755755756,20.5025025025025,1.0,1.0,26.653253253253254
47.23230730730731,20.535785785785787,1.0,1.0,26.69652152152152
47.308858858858855,20.569069069069066,1.0,1.0,26.73978978978979
47.38541041041041,20.60235235235235,1.0,1.0,26.783058058058057
47.46196196196196,20.635635635635637,1.0,1.0,26.826326326326324
47.538513513513514,20.66891891891892,1.0,1.0,26.869594594594595
47.61506506506507,20.7022022022022,1.0,1.0,26.912862862862866
47.691616616616614,20.735485485485484,1.0,1.0,26.95613113113113
47.76816816816817,20.768768768768766,1.0,1.0,26.9993993993994
47.84471971971972,20.80205205205205,1.0,1.0,27.04266766766767
47.92127127127127,20.835335335335337,1.0,1.0,27.085935935935936
47.99782282282282,20.86861861861862,1.0,1.0,27.1292042042042
48.07437437437437,20.9019019019019,1.0,1.0,27.17247247247247
48.150925925925925,20.935185185185183,1.0,1.0,27.215740740740742
48.22747747747748,20.96846846846847,1.0,1.0,27.25900900900901
48.30402902902903,21.00175175175175,1.0,1.0,27.30227727727728
48.38058058058058,21.035035035035033,1.0,1.0,27.345545545545544
48.45713213213213,21.06831831831832,1.0,1.0,27.38881381381381
48.533683683683684,21.1016016016016,1.0,1.0,27.432082082082083
48.61023523523524,21.134884884884887,1.0,1.0,27.47535035035035
48.68678678678678,21.168168168168165,1.0,1.0,27.518618618618618
48.763338338338336,21.20145145145145,1.0,1.0,27.561886886886885
48.83988988988989,21.234734734734733,1.0,1.0,27.605155155155156
48.91644144144144,21.26801801801802,1.0,1.0,27.648423423423424
48.992992992992995,21.301301301301304,1.0,1.0,27.69169169169169
49.06954454454454,21.334584584584583,1.0,1.0,27.73495995995996
49.146096096096095,21.36786786786787,1.0,1.0,27.778228228228226
49.22264764764765,21.40115115115115,1.0,1.0,27.821496496496497
49.2991991991992,21.434434434434433,1.0,1.0,27.864764764764768
49.37575075075075,21.467717717717715,1.0,1.0,27.908033033033032
49.4523023023023,21.501001001001,1.0,1.0,27.9513013013013
49.52885385385385,21.534284284284286,1.0,1.0,27.994569569569567
49.605405405405406,21.56756756756757,1.0,1.0,28.037837837837838
49.68195695695695,21.60085085085085,1.0,1.0,28.081106106106102
49.758508508508505,21.634134134134133,1.0,1.0,28.124374374374373
49.83506006006006,21.667417417417415,1.0,1.0,28.167642642642644
49.91161161161161,21.7007007007007,1.0,1.0,28.21091091091091
49.988163163163165,21.733983983983986,1.0,1.0,28.25417917917918
50.06471471471471,21.767267267267265,1.0,1.0,28.297447447447446
50.141266266266264,21.80055055055055,1.0,1.0,28.340715715715714
50.21781781781782,21.833833833833832,1.0,1.0,28.383983983983985
50.29436936936937,21.867117117117118,1.0,1.0,28.427252252252252
50.370920920920916,21.900400400400397,1.0,1.0,28.47052052052052
50.44747247247247,21.933683683683682,1.0,1.0,28.513788788788787
50.52402402402402,21.966966966966968,1.0,1.0,28.557057057057055
50.600575575575576,22.00025025025025,1.0,1.0,28.600325325325326
50.67712712712713,22.033533533533536,1.0,1.0,28.643593593593593
50.753678678678675,22.066816816816814,1.0,1.0,28.68686186186186
50.83023023023023,22.100100100100097,1.0,1.0,28.73013013013013
50.90678178178178,22.133383383383382,1.0,1.0,28.7733983983984
50.983333333333334,22.166666666666668,1.0,1.0,28.816666666666666
51.05988488488488,22.199949949949946,1.0,1.0,28.859934934934934
51.13643643643643,22.233233233233232,1.0,1.0,28.9032032032032
51.21298798798799,22.266516516516518,1.0,1.0,28.94647147147147
51.28953953953954,22.2997997997998,1.0,1.0,28.98973973973974
51.36609109109109,22.333083083083082,1.0,1.0,29.03300800800801
51.44264264264264,22.366366366366364,1.0,1.0,29.076276276276275
51.51919419419419,22.39964964964965,1.0,1.0,29.119544544544542
51.595745745745745,22.432932932932932,1.0,1.0,29.162812812812813
51.6722972972973,22.466216216216218,1.0,1.0,29.20608108108108
51.748848848848844,22.4994994994995,1.0,1.0,29.249349349349345
51.8254004004004,22.532782782782782,1.0,1.0,29.292617617617616
51.90195195195195,22.566066066066064,1.0,1.0,29.335885885885887
51.978503503503504,22.59934934934935,1.0,1.0,29.379154154154154
52.05505505505506,22.632632632632635,1.0,1.0,29.42242242242242
52.1316066066066,22.665915915915914,1.0,1.0,29.46569069069069
52.208158158158156,22.6991991991992,1.0,1.0,29.508958958958956
52.28470970970971,22.73248248248248,1.0,1.0,29.552227227227228
52.36126126126126,22.765765765765764,1.0,1.0,29.5954954954955
52.43781281281281,22.799049049049046,1.0,1.0,29.638763763763762
52.51436436436436,22.83233233233233,1.0,1.0,29.68203203203203
52.590915915915915,22.865615615615614,1.0,1.0,29.7253003003003
52.66746746746747,22.8988988988989,1.0,1.0,29.76856856856857
52.74401901901902,22.932182182182185,1.0,1.0,29.811836836836836
52.82057057057057,22.965465465465464,1.0,1.0,29.855105105105103
52.89712212212212,22.998748748748746,1.0,1.0,29.898373373373374
52.97367367367367,23.03203203203203,1.0,1.0,29.94164164164164
53.050225225225226,23.065315315315317,1.0,1.0,29.98490990990991
53.12677677677677,23.098598598598596,1.0,1.0,30.028178178178177
53.203328328328325,23.13188188188188,1.0,1.0,30.071446446446444
53.27987987987988,23.165165165165167,1.0,1.0,30.11471471471471
53.35643143143143,23.19844844844845,1.0,1.0,30.157982982982983
53.432982982982985,23.23173173173173,1.0,1.0,30.201251251251254
53.50953453453453,23.265015015015013,1.0,1.0,30.244519519519518
53.586086086086084,23.298298298298295,1.0,1.0,30.28778778778779
53.66263763763764,23.33158158158158,1.0,1.0,30.331056056056056
53.73918918918919,23.364864864864867,1.0,1.0,30.374324324324323
53.815740740740736,23.39814814814815,1.0,1.0,30.417592592592587
53.89229229229229,23.43143143143143,1.0,1.0,30.46086086086086
53.96884384384384,23.464714714714713,1.0,1.0,30.50412912912913
54.045395395395396,23.497997997998,1.0,1.0,30.547397397397397
54.12194694694695,23.53128128128128,1.0,1.0,30.590665665665668
54.198498498498495,23.564564564564563,1.0,1.0,30.633933933933932
54.27505005005005,23.59784784784785,1.0,1.0,30.6772022022022
54.3516016016016,23.63113113113113,1.0,1.0,30.72047047047047
54.428153153153154,23.664414414414413,1.0,1.0,30.76373873873874
54.5047047047047,23.697697697697695,1.0,1.0,30.807007007007005
54.58125625625625,23.73098098098098,1.0,1.0,30.850275275275273
54.65780780780781,23.764264264264263,1.0,1.0,30.893543543543544
54.73435935935936,23.79754754754755,1.0,1.0,30.93681181181181
54.81091091091091,23.830830830830834,1.0,1.0,30.98008008008008
54.88746246246246,23.864114114114113,1.0,1.0,31.023348348348346
54.96401401401401,23.897397397397395,1.0,1.0,31.066616616616617
55.040565565565565,23.93068068068068,1.0,1.0,31.109884884884885
55.11711711711712,23.963963963963963,1.0,1.0,31.153153153153156
55.193668668668664,23.997247247247245,1.0,1.0,31.19642142142142
55.27022022022022,24.03053053053053,1.0,1.0,31.239689689689687
55.34677177177177,24.063813813813816,1.0,1.0,31.282957957957954
55.423323323323324,24.097097097097098,1.0,1.0,31.326226226226225
55.49987487487488,24.13038038038038,1.0,1.0,31.369494494494496
55.57642642642642,24.163663663663662,1.0,1.0,31.41276276276276
55.652977977977976,24.196946946946944,1.0,1.0,31.45603103103103
55.72952952952953,24.23023023023023,1.0,1.0,31.4992992992993
55.80608108108108,24.263513513513516,1.0,1.0,31.542567567567566
55.88263263263263,24.296796796796794,1.0,1.0,31.585835835835834
55.95918418418418,24.33008008008008,1.0,1.0,31.6291041041041
56.035735735735734,24.363363363363362,1.0,1.0,31.672372372372372
56.11228728728729,24.396646646646648,1.0,1.0,31.71564064064064
56.18883883883884,24.42992992992993,1.0,1.0,31.75890890890891
56.26539039039039,24.463213213213212,1.0,1.0,31.802177177177175
56.34194194194194,24.496496496496498,1.0,1.0,31.845445445445442
56.41849349349349,24.52977977977978,1.0,1.0,31.888713713713713
56.495045045045046,24.563063063063062,1.0,1.0,31.931981981981984
56.57159659659659,24.596346346346344,1.0,1.0,31.975250250250248
56.648148148148145,24.629629629629626,1.0,1.0,32.01851851851852
56.7246996996997,24.662912912912912,1.0,1.0,32.06178678678678
56.80125125125125,24.696196196196198,1.0,1.0,32.105055055055054
56.877802802802805,24.729479479479483,1.0,1.0,32.148323323323325
56.95435435435435,24.762762762762762,1.0,1.0,32.19159159159159
57.030905905905904,24.796046046046044,1.0,1.0,32.23485985985986
57.10745745745746,24.82932932932933,1.0,1.0,32.27812812812813
57.18400900900901,24.86261261261261,1.0,1.0,32.321396396396395
57.260560560560556,24.895895895895894,1.0,1.0,32.36466466466466
57.33711211211211,24.92917917917918,1.0,1.0,32.40793293293293
57.41366366366366,24.96246246246246,1.0,1.0,32.4512012012012
57.490215215215215,24.995745745745747,1.0,1.0,32.494469469469465
57.56676676676677,25.02902902902903,1.0,1.0,32.53773773773774
57.643318318318315,25.062312312312308,1.0,1.0,32.58100600600601
57.71986986986987,25.095595595595594,1.0,1.0,32.62427427427427
57.79642142142142,25.12887887887888,1.0,1.0,32.66754254254254
57.872972972972974,25.162162162162165,1.0,1.0,32.71081081081081
57.94952452452452,25.195445445445444,1.0,1.0,32.75407907907908
58.02607607607607,25.22872872872873,1.0,1.0,32.79734734734734
58.102627627627626,25.26201201201201,1.0,1.0,32.84061561561562
58.17917917917918,25.295295295295293,1.0,1.0,32.88388388388388
58.25573073073073,25.32857857857858,1.0,1.0,32.92715215215215
58.33228228228228,25.36186186186186,1.0,1.0,32.97042042042042
58.40883383383383,25.395145145145143,1.0,1.0,33.01368868868869
58.485385385385385,25.42842842842843,1.0,1.0,33.05695695695695
58.56193693693694,25.46171171171171,1.0,1.0,33.10022522522523
58.638488488488484,25.494994994994993,1.0,1.0,33.143493493493494
58.71504004004004,25.52827827827828,1.0,1.0,33.18676176176176
58.79159159159159,25.561561561561557,1.0,1.0,33.230030030030036
58.86814314314314,25.594844844844843,1.0,1.0,33.2732982982983
58.9446946946947,25.62812812812813,1.0,1.0,33.316566566566564
59.02124624624624,25.66141141141141,1.0,1.0,33.35983483483483
59.097797797797796,25.694694694694693,1.0,1.0,33.403103103103106
59.17434934934935,25.727977977977975,1.0,1.0,33.44637137137137
59.2509009009009,25.76126126126126,1.0,1.0,33.48963963963964
59.32745245245245,25.79454454454454,1.0,1.0,33.53290790790791
59.404004004004,25.827827827827825,1.0,1.0,33.576176176176176
59.480555555555554,25.86111111111111,1.0,1.0,33.61944444444444
59.55710710710711,25.894394394394396,1.0,1.0,33.66271271271271
59.63365865865866,25.92767767767768,1.0,1.0,33.70598098098098
59.71021021021021,25.960960960960957,1.0,1.0,33.749249249249246
59.78676176176176,25.994244244244243,1.0,1.0,33.79251751751752
59.86331331331331,26.02752752752753,1.0,1.0,33.83578578578579
59.939864864864866,26.060810810810814,1.0,1.0,33.87905405405405
60.01641641641641,26.094094094094093,1.0,1.0,33.922322322322316
60.092967967967965,26.12737737737738,1.0,1.0,33.96559059059059
60.16951951951952,26.16066066066066,1.0,1.0,34.00885885885886
60.24607107107107,26.193943943943946,1.0,1.0,34.05212712712712
60.322622622622625,26.227227227227225,1.0,1.0,34.0953953953954
60.39917417417417,26.26051051051051,1.0,1.0,34.138663663663664
60.475725725725724,26.293793793793796,1.0,1.0,34.18193193193193
60.55227727727728,26.327077077077078,1.0,1.0,34.2252002002002
60.62882882882883,26.36036036036036,1.0,1.0,34.26846846846847
60.705380380380376,26.393643643643642,1.0,1.0,34.311736736736734
60.78193193193193,26.426926926926928,1.0,1.0,34.355005005005
60.85848348348348,26.460210210210207,1.0,1.0,34.398273273273276
60.935035035035035,26.493493493493492,1.0,1.0,34.44154154154154
61.01158658658659,26.526776776776778,1.0,1.0,34.48480980980981
61.088138138138135,26.560060060060056,1.0,1.0,34.52807807807808
61.16468968968969,26.593343343343342,1.0,1.0,34.571346346346346
61.24124124124124,26.626626626626624,1.0,1.0,34.61461461461462
61.317792792792794,26.65990990990991,1.0,1.0,34.65788288288289
61.39434434434434,26.69319319319319,1.0,1.0,34.70115115115115
61.47089589589589,26.726476476476474,1.0,1.0,34.744419419419415
61.547447447447446,26.75975975975976,1.0,1.0,34.787687687687686
61.623998998999,26.793043043043042,1.0,1.0,34.83095595595596
61.70055055055055,26.826326326326328,1.0,1.0,34.87422422422422
61.7771021021021,26.859609609609606,1.0,1.0,34.91749249249249
61.85365365365365,26.892892892892892,1.0,1.0,34.96076076076076
61.930205205205205,26.926176176176178,1.0,1.0,35.00402902902903
62.00675675675676,26.959459459459463,1.0,1.0,35.04729729729729
62.083308308308304,26.99274274274274,1.0,1.0,35.09056556556556
62.15985985985986,27.026026026026027,1.0,1.0,35.13383383383383
62.23641141141141,27.05930930930931,1.0,1.0,35.1771021021021
62.31296296296296,27.092592592592595,1.0,1.0,35.22037037037037
62.38951451451452,27.125875875875874,1.0,1.0,35.26363863863864
62.46606606606606,27.15915915915916,1.0,1.0,35.3069069069069
62.542617617617616,27.192442442442445,1.0,1.0,35.35017517517517
62.61916916916917,27.225725725725724,1.0,1.0,35.393443443443445
62.69572072072072,27.25900900900901,1.0,1.0,35.43671171171171
62.77227227227227,27.29229229229229,1.0,1.0,35.47997997997997
62.84882382382382,27.32557557557557,1.0,1.0,35.52324824824825
62.925375375375374,27.358858858858856,1.0,1.0,35.566516516516515
63.00192692692693,27.39214214214214,1.0,1.0,35.609784784784786
63.07847847847848,27.425425425425427,1.0,1.0,35.65305305305306
63.15503003003003,27.458708708708706,1.0,1.0,35.69632132132132
63.23158158158158,27.49199199199199,1.0,1.0,35.739589589589585
63.30813313313313,27.525275275275273,1.0,1.0,35.78285785785786
63.384684684684686,27.55855855855856,1.0,1.0,35.82612612612613
63.46123623623623,27.591841841841838,1.0,1.0,35.86939439439439
63.537787787787785,27.625125125125123,1.0,1.0,35.91266266266266
63.61433933933934,27.65840840840841,1.0,1.0,35.95593093093093
63.69089089089089,27.69169169169169,1.0,1.0,35.9991991991992
63.767442442442444,27.724974974974977,1.0,1.0,36.04246746746747
63.84399399399399,27.758258258258255,1.0,1.0,36.08573573573574
63.920545545545544,27.79154154154154,1.0,1.0,36.129004004004
63.9970970970971,27.824824824824827,1.0,1.0,36.17227227227227
64.07364864864864,27.858108108108105,1.0,1.0,36.21554054054054
64.1502002002002,27.89139139139139,1.0,1.0,36.25880880880881
64.22675175175175,27.924674674674677,1.0,1.0,36.30207707707707
64.3033033033033,27.957957957957955,1.0,1.0,36.345345345345336
64.37985485485486,27.991241241241237,1.0,1.0,36.388613613613614
64.4564064064064,28.024524524524523,1.0,1.0,36.43188188188188
64.53295795795796,28.05780780780781,1.0,1.0,36.47515015015016
64.60950950950951,28.091091091091087,1.0,1.0,36.51841841841842
64.68606106106105,28.124374374374373,1.0,1.0,36.561686686686684
64.76261261261261,28.15765765765766,1.0,1.0,36.604954954954955
64.83916416416416,28.19094094094094,1.0,1.0,36.64822322322322
64.91571571571572,28.224224224224226,1.0,1.0,36.69149149149149
64.99226726726727,28.257507507507505,1.0,1.0,36.73475975975976
65.06881881881881,28.29079079079079,1.0,1.0,36.77802802802802
65.14537037037037,28.324074074074076,1.0,1.0,36.821296296296296
65.22192192192192,28.357357357357355,1.0,1.0,36.86456456456456
65.29847347347348,28.390640640640644,1.0,1.0,36.90783283283284
65.37502502502502,28.423923923923923,1.0,1.0,36.9511011011011
65.45157657657657,28.457207207207205,1.0,1.0,36.994369369369366
65.52812812812813,28.490490490490494,1.0,1.0,37.03763763763764
65.60467967967968,28.523773773773772,1.0,1.0,37.08090590590591
65.68123123123122,28.55705705705705,1.0,1.0,37.12417417417417
65.75778278278278,28.59034034034034,1.0,1.0,37.16744244244244
65.83433433433433,28.623623623623622,1.0,1.0,37.21071071071071
65.91088588588589,28.656906906906904,1.0,1.0,37.253978978978985
65.98743743743744,28.69019019019019,1.0,1.0,37.29724724724724
66.06398898898898,28.72347347347347,1.0,1.0,37.34051551551551
66.14054054054054,28.75675675675676,1.0,1.0,37.383783783783784
66.21709209209209,28.79004004004004,1.0,1.0,37.42705205205205
66.29364364364365,28.823323323323326,1.0,1.0,37.470320320320326
66.3701951951952,28.856606606606608,1.0,1.0,37.51358858858859
66.44674674674674,28.889889889889886,1.0,1.0,37.556856856856854
66.5232982982983,28.923173173173172,1.0,1.0,37.60012512512513
66.59984984984985,28.956456456456458,1.0,1.0,37.64339339339339
66.6764014014014,28.989739739739743,1.0,1.0,37.68666166166166
66.75295295295295,29.023023023023022,1.0,1.0,37.72992992992993
66.8295045045045,29.056306306306308,1.0,1.0,37.77319819819819
66.90605605605606,29.08958958958959,1.0,1.0,37.816466466466466
66.9826076076076,29.12287287287287,1.0,1.0,37.85973473473474
67.05915915915915,29.156156156156154,1.0,1.0,37.90300300300299
67.13571071071071,29.18943943943944,1.0,1.0,37.94627127127127
67.21226226226226,29.222722722722718,1.0,1.0,37.989539539539535
67.28881381381382,29.256006006006007,1.0,1.0,38.032807807807814
67.36536536536536,29.28928928928929,1.0,1.0,38.07607607607608
67.44191691691691,29.322572572572568,1.0,1.0,38.11934434434434
67.51846846846847,29.355855855855857,1.0,1.0,38.16261261261261
67.59502002002002,29.389139139139136,1.0,1.0,38.20588088088088
67.67157157157158,29.42242242242242,1.0,1.0,38.249149149149154
67.74812312312312,29.455705705705707,1.0,1.0,38.29241741741741
67.82467467467467,29.488988988988986,1.0,1.0,38.33568568568568
67.90122622622623,29.522272272272275,1.0,1.0,38.37895395395395
67.97777777777777,29.555555555555554,1.0,1.0,38.42222222222222
68.05432932932933,29.58883883883884,1.0,1.0,38.465490490490495
68.13088088088088,29.622122122122125,1.0,1.0,38.50875875875876
68.20743243243243,29.655405405405403,1.0,1.0,38.55202702702702
68.28398398398399,29.68868868868869,1.0,1.0,38.5952952952953
68.36053553553553,29.721971971971975,1.0,1.0,38.63856356356356
68.43708708708708,29.755255255255253,1.0,1.0,38.68183183183183
68.51363863863864,29.788538538538536,1.0,1.0,38.72510010010011
68.59019019019019,29.82182182182182,1.0,1.0,38.768368368368364
68.66674174174175,29.855105105105107,1.0,1.0,38.811636636636635
68.74329329329329,29.888388388388385,1.0,1.0,38.854904904904906
68.81984484484484,29.92167167167167,1.0,1.0,38.89817317317316
68.8963963963964,29.954954954954957,1.0,1.0,38.94144144144144
68.97294794794794,29.988238238238235,1.0,1.0,38.984709709709705
69.0494994994995,30.021521521521525,1.0,1.0,39.02797797797798
69.12605105105105,30.054804804804803,1.0,1.0,39.07124624624625
69.2026026026026,30.08808808808808,1.0,1.0,39.11451451451451
69.27915415415416,30.121371371371374,1.0,1.0,39.15778278278278
69.3557057057057,30.154654654654653,1.0,1.0,39.20105105105105
69.43225725725726,30.187937937937942,1.0,1.0,39.24431931931932
69.50880880880881,30.22122122122122,1.0,1.0,39.28758758758759
69.58536036036035,30.2545045045045,1.0,1.0,39.33085585585586
69.66191191191191,30.287787787787792,1.0,1.0,39.37412412412412
69.73846346346346,30.32107107107107,1.0,1.0,39.41739239239239
69.815015015015,30.35435435435435,1.0,1.0,39.46066066066066
69.89156656656657,30.38763763763764,1.0,1.0,39.50392892892893
69.96811811811811,30.42092092092092,1.0,1.0,39.54719719719719
70.04466966966967,30.454204204204203,1.0,1.0,39.59046546546547
70.12122122122122,30.48748748748749,1.0,1.0,39.633733733733735
70.19777277277277,30.520770770770767,1.0,1.0,39.677002002002
70.27432432432433,30.554054054054053,1.0,1.0,39.72027027027028
70.35087587587587,30.58733733733734,1.0,1.0,39.76353853853853
70.42742742742743,30.620620620620624,1.0,1.0,39.806806806806804
70.50397897897898,30.653903903903903,1.0,1.0,39.850075075075075
70.58053053053052,30.687187187187185,1.0,1.0,39.89334334334334
70.65708208208208,30.72047047047047,1.0,1.0,39.93661161161161
70.73363363363363,30.75375375375375,1.0,1.0,39.97987987987988
70.81018518518519,30.78703703703704,1.0,1.0,40.02314814814815
70.88673673673674,30.82032032032032,1.0,1.0,40.066416416416416
70.96328828828828,30.8536036036036,1.0,1.0,40.10968468468468
71.03983983983984,30.886886886886888,1.0,1.0,40.15295295295296
71.11639139139139,30.920170170170167,1.0,1.0,40.19622122122122
71.19294294294293,30.95345345345345,1.0,1.0,40.239489489489486
71.2694944944945,30.986736736736738,1.0,1.0,40.28275775775776
71.34604604604604,31.020020020020016,1.0,1.0,40.32602602602603
71.4225975975976,31.053303303303306,1.0,1.0,40.36929429429429
71.49914914914915,31.086586586586588,1.0,1.0,40.412562562562556
71.5757007007007,31.119869869869866,1.0,1.0,40.45583083083083
71.65225225225225,31.153153153153156,1.0,1.0,40.4990990990991
71.7288038038038,31.186436436436434,1.0,1.0,40.54236736736736
71.80535535535536,31.21971971971972,1.0,1.0,40.58563563563564
71.8819069069069,31.253003003003005,1.0,1.0,40.628903903903904
71.95845845845845,31.286286286286284,1.0,1.0,40.67217217217217
72.03501001001001,31.31956956956957,1.0,1.0,40.715440440440446
72.11156156156156,31.352852852852852,1.0,1.0,40.75870870870871
72.18811311311312,31.386136136136138,1.0,1.0,40.80197697697698
72.26466466466466,31.419419419419416,1.0,1.0,40.84524524524525
72.34121621621621,31.4527027027027,1.0,1.0,40.88851351351351
72.41776776776777,31.485985985985987,1.0,1.0,40.93178178178178
72.49431931931932,31.519269269269266,1.0,1.0,40.97505005005005
72.57087087087086,31.55255255255255,1.0,1.0,41.01831831831831
72.64742242242242,31.585835835835834,1.0,1.0,41.061586586586586
72.72397397397397,31.619119119119116,1.0,1.0,41.10485485485485
72.80052552552553,31.652402402402405,1.0,1.0,41.14812312312313
72.87707707707708,31.685685685685684,1.0,1.0,41.19139139139139
72.95362862862862,31.71896896896897,1.0,1.0,41.234659659659656
73.03018018018018,31.752252252252255,1.0,1.0,41.27792792792793
73.10673173173173,31.785535535535534,1.0,1.0,41.3211961961962
73.18328328328329,31.818818818818823,1.0,1.0,41.36446446446446
73.25983483483483,31.8521021021021,1.0,1.0,41.40773273273273
73.33638638638638,31.88538538538538,1.0,1.0,41.451001001001
73.41293793793794,31.918668668668673,1.0,1.0,41.49426926926927
73.48948948948949,31.95195195195195,1.0,1.0,41.53753753753753
73.56604104104105,31.985235235235237,1.0,1.0,41.58080580580581
73.64259259259259,32.01851851851852,1.0,1.0,41.62407407407407
73.71914414414414,32.0518018018018,1.0,1.0,41.66734234234234
73.7956956956957,32.08508508508508,1.0,1.0,41.710610610610615
73.87224724724724,32.118368368368365,1.0,1.0,41.75387887887888
73.94879879879879,32.15165165165165,1.0,1.0,41.79714714714714
74.02535035035035,32.18493493493493,1.0,1.0,41.84041541541542
74.1019019019019,32.21821821821822,1.0,1.0,41.88368368368368
74.17845345345346,32.2515015015015,1.0,1.0,41.926951951951956
74.255005005005,32.28478478478478,1.0,1.0,41.97022022022022
74.33155655655655,32.318068068068065,1.0,1.0,42.013488488488484
74.40810810810811,32.351351351351354,1.0,1.0,42.056756756756755
74.48465965965966,32.38463463463463,1.0,1.0,42.100025025025026
74.56121121121122,32.41791791791792,1.0,1.0,42.1432932932933
74.63776276276276,32.4512012012012,1.0,1.0,42.18656156156156
74.71431431431431,32.48448448448448,1.0,1.0,42.229829829829825
74.79086586586587,32.51776776776777,1.0,1.0,42.273098098098096
74.86741741741741,32.55105105105105,1.0,1.0,42.31636636636637
74.94396896896897,32.584334334334336,1.0,1.0,42.35963463463464
75.02052052052052,32.61761761761762,1.0,1.0,42.4029029029029
75.09707207207207,32.65090090090089,1.0,1.0,42.44617117117117
75.17362362362363,32.68418418418419,1.0,1.0,42.48943943943944
75.25017517517517,32.717467467467465,1.0,1.0,42.53270770770771
75.32672672672672,32.75075075075075,1.0,1.0,42.57597597597597
75.40327827827828,32.784034034034036,1.0,1.0,42.61924424424424
75.47982982982982,32.81731731731732,1.0,1.0,42.66251251251251
75.55638138138139,32.8506006006006,1.0,1.0,42.705780780780785
75.63293293293293,32.88388388388388,1.0,1.0,42.74904904904905
75.70948448448448,32.917167167167165,1.0,1.0,42.79231731731731
75.78603603603604,32.95045045045045,1.0,1.0,42.83558558558559
75.86258758758758,32.983733733733736,1.0,1.0,42.87885385385385
75.93913913913914,33.01701701701702,1.0,1.0,42.922122122122126
76.01569069069069,33.0503003003003,1.0,1.0,42.96539039039039
76.09224224224224,33.08358358358358,1.0,1.0,43.00865865865865
76.1687937937938,33.116866866866864,1.0,1.0,43.05192692692693
76.24534534534534,33.150150150150154,1.0,1.0,43.09519519519519
76.3218968968969,33.183433433433436,1.0,1.0,43.13846346346347
76.39844844844845,33.21671671671672,1.0,1.0,43.18173173173173
76.475,33.25,1.0,1.0,43.224999999999994
