r,r1,r2,n1,n2
0.0,0.0,0.0,0.0,0.0
0.05203603603603603,0.026018005655927698,0.02601803038010833,0.0,0.0
0.10407207207207206,0.052036021247730845,0.052036050824341214,0.0,0.0
0.1561081081081081,0.07805408355197227,0.07805402455613583,0.0,0.0
0.20814414414414412,0.10407200638040107,0.10407213776374305,0.0,0.0
0.26018018018018013,0.1300900732594502,0.13009010692072992,0.0,0.0
0.3122162162162162,0.15610813262033407,0.15610808359588213,0.0,0.0
0.3642522522522522,0.1821261325659079,0.18212611968634432,0.0,0.0
0.41628828828828823,0.2081441377235342,0.20814415056475402,0.0,0.0
0.46832432432432425,0.2341621461855957,0.23416217813872856,0.0,0.0
0.5203603603603603,0.2601802089412594,0.26018015141910084,0.0,0.0
0.5723963963963963,0.2861981981981981,0.2861981981981982,0.0,0.0
0.6244324324324324,0.31221628689174674,0.31221614554068566,0.0,0.0
0.6764684684684684,0.33823427745846946,0.33823419100999896,0.0,0.0
0.7285045045045044,0.3642522522522522,0.3642522522522522,0.0,0.0
0.7805405405405405,0.39027025954273664,0.3902702809978038,0.0,0.0
0.8325765765765765,0.4162882692725154,0.4162883073040611,0.0,0.0
0.8846126126126125,0.4423063376366888,0.4423062749759237,0.0,0.0
0.9366486486486485,0.4683243816091636,0.4683242670394849,0.0,0.0
0.9886846846846845,0.4943424024393024,0.4943422822453821,0.0,0.0
1.0407207207207205,0.5203603966313987,0.5203603240893219,0.0,0.0
1.0927567567567567,0.5463783898158125,0.5463783669409441,0.0,0.0
1.1447927927927926,0.5723964359612054,0.5723963568315872,0.0,0.0
1.1968288288288287,0.5984144510421753,0.5984143777866534,0.0,0.0
1.2488648648648648,0.6244324752910121,0.6244323895738527,0.0,0.0
1.3009009009009007,0.6504504893936687,0.650450411507232,0.0,0.0
1.3529369369369368,0.6764685146208189,0.6764684223161179,0.0,0.0
1.4049729729729727,0.7024864038925598,0.702486569080413,0.0,0.0
1.4570090090090089,0.7285045045045044,0.7285045045045044,0.0,0.0
1.5090450450450448,0.7545225660966643,0.7545224789483804,0.0,0.0
1.561081081081081,0.7805405852724026,0.7805404958086783,0.0,0.0
1.6131171171171168,0.8065586129453355,0.8065585041717813,0.0,0.0
1.665153153153153,0.8325765608941368,0.8325765922590161,0.0,0.0
1.717189189189189,0.8585945369140449,0.8585946522751442,0.0,0.0
1.769225225225225,0.8846126719400457,0.8846125532851793,0.0,0.0
1.821261261261261,0.9106306915873729,0.9106305696738882,0.0,0.0
1.873297297297297,0.9366487111565357,0.9366485861407613,0.0,0.0
1.9253333333333331,0.9626667197116872,0.962666613621646,0.0,0.0
1.977369369369369,0.9886847206804787,0.9886846486888903,0.0,0.0
2.029405405405405,1.0147026355413804,1.0147027698640245,0.0,0.0
2.081441441441441,1.0407207207207205,1.0407207207207205,0.0,0.0
2.133477477477477,1.0667387195831128,1.0667387578943643,0.0,0.0
2.1855135135135133,1.0927567762982917,1.0927567372152216,0.0,0.0
2.2375495495495494,1.1187747142089404,1.118774835340609,0.0,0.0
2.289585585585585,1.1447928334195017,1.1447927521660834,0.0,0.0
2.3416216216216212,1.1708108108108104,1.1708108108108108,0.0,0.0
2.3936576576576574,1.1968288931550706,1.1968287645025868,0.0,0.0
2.4456936936936935,1.2228468897890132,1.2228468039046803,0.0,0.0
2.4977297297297296,1.2488649085788506,1.248864821150879,0.0,0.0
2.5497657657657653,1.2748828828828824,1.2748828828828829,0.0,0.0
2.6018018018018014,1.3009009235297124,1.300900878272089,0.0,0.0
2.6538378378378376,1.32691894193364,1.3269188959041975,0.0,0.0
2.7058738738738737,1.3529369603375707,1.352936913536303,0.0,0.0
2.7579099099099094,1.3789549787414952,1.3789549311684142,0.0,0.0
2.8099459459459455,1.4049730213178762,1.4049729246280693,0.0,0.0
2.8619819819819816,1.4309910155493504,1.4309909664326312,0.0,0.0
2.9140180180180177,1.4570089591204707,1.457009058897547,0.0,0.0
2.966054054054054,1.483027001696848,1.4830270523572058,0.0,0.0
3.0180900900900896,1.5090450707611331,1.5090450193289564,0.0,0.0
3.0701261261261257,1.5350630630630626,1.535063063063063,0.0,0.0
3.122162162162162,1.5610810810810807,1.5610810810810811,0.0,0.0
3.174198198198198,1.5870991528467335,1.5870990453514644,0.0,0.0
3.2262342342342336,1.6131171443768433,1.6131170898573903,0.0,0.0
3.2782702702702697,1.6391351351351346,1.639135135135135,0.0,0.0
3.330306306306306,1.665153125121607,1.665153181184699,0.0,0.0
3.382342342342342,1.6911711427537153,1.6911711995886267,0.0,0.0
3.434378378378378,1.717189189189189,1.717189189189189,0.0,0.0
3.486414414414414,1.7432072363964812,1.7432071780179326,0.0,0.0
3.53845045045045,1.7692252252252247,1.7692252252252252,0.0,0.0
3.590486486486486,1.795243303165431,1.7952431833210551,0.0,0.0
3.642522522522522,1.8212612916082642,1.821261230914258,0.0,0.0
3.694558558558558,1.847279340745105,1.847279217813453,0.0,0.0
3.746594594594594,1.8732973284161203,1.8732972661784737,0.0,0.0
3.79863063063063,1.8993153468200479,1.8993152838105822,0.0,0.0
3.8506666666666662,1.9253333652239746,1.9253333014426917,0.0,0.0
3.9027027027027024,1.951351351351351,1.9513513513513514,0.0001498100281345358,0.0001498100281345358
3.954738738738738,1.9773703537891145,1.9773683849496235,0.0009257257969529216,0.0009255740137430592
4.006774774774774,2.0033873543390177,2.0033874204357565,0.0017119628240419747,0.0017119628240419747
4.05881081081081,2.0294064053475216,2.0294044054632883,0.0025086728926115576,0.002508521109401695
4.110846846846846,2.0554234234234228,2.0554234234234237,0.003315552436241945,0.0033155524362419447
4.162882882882882,2.081441441441441,2.081441441441441,0.004132449671723273,0.004132449671723273
4.214918918918919,2.1074594594594593,2.1074594594594593,0.004959364599055545,0.004959364599055545
4.266954954954954,2.1334775124553955,2.133477442499559,0.005795690085399305,0.005795690085399305
4.31899099099099,2.1594976033298643,2.1594933876611258,0.006641729697174282,0.006641426130754556
4.371027027027027,2.185513477763776,2.1855135492632507,0.007496572735121299,0.007496572735121299
4.423063063063062,2.211533594983783,2.2115294680792794,0.008360826332079806,0.008360522765660081
4.475099099099099,2.237549549549549,2.23754954954955,0.009233579788790629,0.009233579788790629
4.5271351351351345,2.2635697301402327,2.263565404994902,0.01011513667167349,0.010114833105253764
4.57917117117117,2.289585622878961,2.289585548292209,0.01100488984788894,0.01100488984788894
4.631207207207207,2.315605792021768,2.315601415185439,0.011903142883856703,0.011902839317436978
4.6832432432432425,2.3416237845328336,2.341619458710409,0.012809288646737327,0.012808985080317605
4.735279279279279,2.36763963963964,2.367639639639639,0.013723023570111093,0.013723023570111093
4.787315315315315,2.3936576576576574,2.3936576576576574,0.014644651220397719,0.014644651220397719
4.83935135135135,2.419675714898599,2.4196756364527516,0.015573868031177485,0.015573868031177485
4.891387387387387,2.445693733302526,2.445693654084861,0.016510066869610936,0.016510066869610936
4.943423423423423,2.4717117517064535,2.471711671716969,0.0174535513021178,0.0174535513021178
4.995459459459459,2.497731960871607,2.497727498587852,0.01840401776227835,0.018403714195858626
5.047495495495495,2.5237499895029964,2.5237455059924985,0.019361162683672863,0.019360859117253135
5.099531531531531,2.5497657657657653,2.5497657657657653,0.020324682499881605,0.020324682499881605
5.151567567567567,2.575786046158651,2.575781521408916,0.02129488077732431,0.021294577210904587
5.203603603603603,2.601804032267012,2.6017995713365907,0.022271150383161534,0.02227084681674181
5.2556396396396385,2.6278243419316443,2.6278152977079943,0.023253794883812993,0.023253187750973535
5.307675675675675,2.653837837837837,2.653837837837838,0.024241600013599776,0.024241600013599773
5.359711711711711,2.679860458458174,2.6798512532535366,0.02523608360462052,0.025235476471781072
5.411747747747747,2.705878495033853,2.7058692527138946,0.026235424258356878,0.02623481712551743
5.463783783783783,2.731894211566201,2.731889572217582,0.027240836240487745,0.02724053267406802
5.515819819819819,2.7579099099099094,2.7579099099099094,0.02825110528533422,0.02825110528533422
5.567855855855855,2.7839279279279276,2.7839279279279276,0.029266838525735753,0.02926683852573575
5.619891891891891,2.8099459459459455,2.8099459459459455,0.030287428828852894,0.030287428828852894
5.6719279279279275,2.8359663183657844,2.835961609562143,0.03131348332752509,0.03131317976110537
5.723963963963963,2.861984344669225,2.8619796192947384,0.03234378775607345,0.03234348418965372
5.775999999999999,2.888002370818042,2.887997629181957,0.03337894924733742,0.03337864568091769
5.8280360360360355,2.9140180180180177,2.9140180180180177,0.03441836066847754,0.03441836066847754
5.880072072072071,2.940050355881835,2.9400217161902362,0.035463236285172714,0.03546141488665437
5.932108108108108,2.9660540540540534,2.9660540540540543,0.03651114756606516,0.03651114756606516
5.984144144144143,2.9920720720720717,2.9920720720720717,0.0375639159096732,0.0375639159096732
6.036180180180179,3.0180924993948013,3.018087680785378,0.0386209341831574,0.03862063061673768
6.088216216216216,3.0441081081081074,3.0441081081081083,0.039681595253678315,0.03968159525367831
6.140252252252251,3.0701261261261257,3.0701261261261257,0.040746506254075374,0.04074650625407537
6.192288288288287,3.0961441441441435,3.0961441441441435,0.041815060051509145,0.041815060051509145
6.244324324324324,3.1221645998412475,3.122159724483076,0.04288786377881908,0.042887560212399346
6.296360360360359,3.150982366391108,3.145377993969251,0.0440796655426614,0.043731778425655975
6.348396396396396,3.174198198198198,3.174198198198198,0.04504318535887015,0.04504318535887014
6.4004324324324315,3.2002162162162158,3.2002162162162158,0.04612631034445075,0.046126310344450736
6.452468468468467,3.226239162461458,3.226229306007009,0.04721307812706805,0.04721247099422859
6.504504504504504,3.252257193127992,3.252247311376512,0.0483028815738826,0.048302274441043146
6.5565405405405395,3.27827522358246,3.2782653169580795,0.04939572068489441,0.04939511355205496
6.608576576576576,3.3042932538128222,3.304283322763754,0.05049220259294293,0.05049159546010348
6.660612612612612,3.330306306306306,3.330306306306306,0.051591113032349256,0.05159111303234924
6.712648648648647,3.3563243243243237,3.3563243243243237,0.05269305913595283,0.05269305913595283
6.764684684684684,3.3823473433070874,3.3823373413775966,0.05379864803659311,0.05379804090375366
6.81672072072072,3.4083653727436842,3.4083553479770354,0.05490666546859119,0.05490605833575174
6.868756756756756,3.4343884255766643,3.434368331180092,0.056018325697625986,0.05601711143194709
6.920792792792792,3.460396396396396,3.460396396396396,0.05713120019233968,0.05713120019233968
6.972828828828828,3.486414414414414,3.486414414414414,0.05824771748409008,0.05824771748409008
7.024864864864864,3.5124324324324316,3.5124324324324325,0.05936666330719829,0.05936666330719829
7.0769009009009,3.5384555171345915,3.5384453837663083,0.06048864479450374,0.060488037661664294
7.128936936936936,3.5644735454805208,3.5644633914564157,0.061613054813167006,0.06161244768032755
7.180972972972972,3.590486486486486,3.590486486486486,0.06273928623034863,0.06273928623034862
7.233009009009008,3.616504504504504,3.616504504504504,0.06386855331172749,0.06386855331172749
7.285045045045044,3.642522522522522,3.642522522522522,0.06500024892446418,0.06500024892446417
7.33708108108108,3.6685507739543386,3.6685303071267414,0.06613437306855866,0.06613315880287976
7.389117117117116,3.6945585585585574,3.6945585585585583,0.06727031861117148,0.06727031861117148
7.441153153153152,3.7205765765765757,3.7205765765765766,0.06840869268514213,0.06840869268514213
7.493189189189188,3.7465945945945935,3.7465945945945944,0.06954949529047055,0.06954949529047055
7.5452252252252245,3.772612612612612,3.7726126126126127,0.07069272642715681,0.07069272642715681
7.59726126126126,3.7986306306306297,3.7986306306306306,0.0718377789623614,0.0718377789623614
7.649297297297296,3.824648648648648,3.824648648648648,0.07298465289608436,0.07298465289608436
7.7013333333333325,3.850666666666666,3.8506666666666667,0.0741339553611651,0.0741339553611651
7.753369369369368,3.8766898735229463,3.876679495846422,0.07528568635760366,0.07528507922476421
7.805405405405405,3.9027078999312486,3.902697505474156,0.07643923875256058,0.07643863161972114
7.85744144144144,3.92872072072072,3.92872072072072,0.07759400541319639,0.07759400541319637
7.909477477477476,3.954738738738738,3.954738738738738,0.07875120060519,0.07875120060519
7.961513513513513,3.9807619784076853,3.9807515351058274,0.07991082432854144,0.07991021719570197
8.013549549549548,4.006774774774774,4.006774774774774,0.08107166231757175,0.08107166231757175
8.065585585585584,7.111678131985331,0.9539074536002534,0.978077647433103,0.0
8.11762162162162,7.157599508532155,0.9600221130894644,0.9781304679901353,0.0
8.169657657657657,7.203522075844539,0.9661355818131181,0.9781841992464266,0.0
8.221693693693693,7.249445386175102,0.9722483075185906,0.9782382340691378,0.0
8.273729729729729,7.295369907668911,0.9783598220608178,0.9782931795911081,0.0
8.325765765765764,7.34129518657803,0.9844705791877342,0.9783484286794981,0.0
8.3778018018018,7.38722122683813,0.99058057496367,0.978403981334308,0.0
8.429837837837837,7.43314850535403,0.9966893324838075,0.9784604446883769,0.0
8.481873873873873,7.47907655951658,1.0027973143572932,0.9785172116088656,0.0
8.533909909909909,7.525005871688525,1.0089040382213836,0.9785748892286135,0.0
8.585945945945944,7.570935974276792,1.0150099716691523,0.9786328704147811,0.0
8.63798198198198,7.616867112544343,1.0211148694376373,0.978691458733788,0.0
8.690018018018018,7.662799295676971,1.027218722341047,0.9787506541856344,0.0
8.742054054054053,7.7087325318699,1.0333215221841536,0.9788104567703204,0.0
8.794090090090089,7.7546668300542025,1.0394232600358864,0.9788708664878458,0.0
8.846126126126125,7.800602198297189,1.0455239278289357,0.9789318833382106,0.0
8.89816216216216,7.846538656266501,1.051623505895659,0.9789935073214149,0.0
8.950198198198198,7.892476214776009,1.057721983422189,0.9790557384374585,0.0
9.002234234234233,7.938414750931259,1.0638194833029742,0.9791185766863417,0.0
9.054270270270269,7.984354261448158,1.0699160088221111,0.9791817185016447,0.0
9.106306306306305,8.030295131812224,1.0760111744940808,0.9792457710162068,0.0
9.15834234234234,8.076237077908441,1.082105264433899,0.9793104306636082,0.0
9.210378378378378,8.12218017232242,1.0881982060559583,0.9793756974438492,0.0
9.262414414414414,8.168124683934176,1.094289730480238,0.9794418749233494,0.0
9.31445045045045,8.214070105840715,1.100380344609734,0.9795083559692694,0.0
9.366486486486485,8.260016579430278,1.1064699070562067,0.9795754441480287,0.0
9.41852252252252,8.305964577666238,1.1125579448562828,0.9796434430260472,0.0
9.470558558558558,8.351913452101817,1.118645106456741,0.9797117454704855,0.0
9.522594594594594,8.39786377445698,1.1247308201376143,0.9797809586141828,0.0
9.57463063063063,8.44381528817337,1.1308153424572591,0.9798507788907197,0.0
9.626666666666665,8.489768270908836,1.1368983957578287,0.9799215098665158,0.0
9.6787027027027,8.535722194929438,1.142980507773263,0.9799925444087315,0.0
9.730738738738738,8.581677608096543,1.1490611306421954,0.9800644896502064,0.0
9.782774774774774,8.627634249600975,1.155140525173799,0.9801370420245209,0.0
9.83481081081081,8.67359240256656,1.161218408244249,0.9802105050980945,0.0
9.886846846846845,8.719551527448933,1.1672953193979119,0.9802842717380877,0.0
9.938882882882881,8.765512183640915,1.173370699241966,0.9803589490773401,0.0
9.990918918918918,8.811474383803173,1.1794445351157457,0.9804345371158518,0.0
10.042954954954954,8.857437579591604,1.1855173753633501,0.9805104287207831,0.0
10.09499099099099,8.903402620689304,1.1915883703016856,0.9805875345913934,0.0
10.147027027027026,8.949368674273755,1.1976583527532707,0.9806649440284234,0.0
10.199063063063061,8.995336313932949,1.2037267491301122,0.9807432641647127,0.0
10.251099099099097,9.04130555190555,1.2097935471935468,0.9808224950002611,0.0
10.303135135135134,9.087276113682499,1.2158590214526352,0.9809023329686488,0.0
10.35517117117117,9.133248007652826,1.221923163518344,0.9809827780698762,0.0
10.407207207207206,9.179221822323147,1.2279853848840592,0.9810644374367823,0.0
10.459243243243241,9.225196699946832,1.2340465432964098,0.9811464003701081,0.0
10.511279279279277,9.271173230380148,1.2401060488991291,0.9812292740026931,0.0
10.563315315315315,9.317151426432192,1.2461638888831228,0.9813130583345374,0.0
10.61535135135135,9.363131300828703,1.2522200505226468,0.9813977533656408,0.0
10.667387387387386,9.409112568395111,1.258274818992275,0.9814830555295837,0.0
10.719423423423422,9.45509553644487,1.2643278869785508,0.9815692683927857,0.0
10.771459459459457,9.501079917178147,1.2703795422813098,0.9816560883888272,0.0
10.823495495495495,9.547066020696775,1.2764294747987197,0.9817438190841279,0.0
10.87553153153153,9.59305385945487,1.282477672076661,0.9818324604786878,0.0
10.927567567567566,9.639043445667102,1.2885241219004637,0.9819220125725068,0.0
10.979603603603602,9.685034812516351,1.2945687910872508,0.982012475365585,0.0
11.031639639639637,9.73102765340848,1.3006119862311571,0.9821035452915027,0.0
11.083675675675675,9.777022127071858,1.3066535486038173,0.9821955259166795,0.0
11.13571171171171,9.823018541622888,1.3126931700888225,0.9822884172411155,0.0
11.187747747747746,9.869016761410862,1.3187309863368846,0.9823822192648106,0.0
11.239783783783782,9.915016798558616,1.3247669852251658,0.9824769319877651,0.0
11.291819819819818,9.961018665324197,1.3308011544956209,0.9825725554099785,0.0
11.343855855855855,10.007022372926789,1.336833482929066,0.9826690895314513,0.0
11.39589189189189,10.053027933300543,1.342863958591348,0.9827665343521832,0.0
11.447927927927926,10.099035358527875,1.3488925694000518,0.9828648898721742,0.0
11.499963963963962,10.145044980528546,1.3549189834354163,0.9829644596578442,0.0
11.551999999999998,10.19105617311862,1.3609438268813783,0.9830646365763536,0.0
11.604036036036035,10.237069266840706,1.3669667691953293,0.9831657241941222,0.0
11.656072072072071,10.283084586389464,1.3729874856826072,0.9832680260775697,0.0
11.708108108108107,10.32910184729882,1.3790062608092875,0.9833712386602764,0.0
11.760144144144142,10.375121056956102,1.3850230871880402,0.9834753619422423,0.0
11.812180180180178,10.421142209299529,1.3910379708806495,0.9835803959234672,0.0
11.864216216216215,10.467165814776026,1.3970504014401897,0.9836866441703711,0.0
11.916252252252251,10.51319091131613,1.4030613409361212,0.9837934995501145,0.0
11.968288288288287,10.559218683680935,1.4090696046073514,0.9839018727619564,0.0
12.020324324324323,10.605248496365622,1.4150758279587006,0.9840111566730576,0.0
12.072360360360358,10.651280334588545,1.421080025771813,0.984121351283418,0.0
12.124396396396396,10.697314210547212,1.4270821858491836,0.9842324565930375,0.0
12.176432432432431,10.743350474487164,1.4330819579452676,0.9843447761683362,0.0
12.228468468468467,10.789389142746595,1.4390793257218721,0.9844583100093135,0.0
12.280504504504503,10.835429891036279,1.4450746134682237,0.9845727545495498,0.0
12.332540540540538,10.881473073395954,1.4510674671445845,0.9846884133554653,0.0
12.384576576576574,10.927518705718944,1.4570578708576303,0.9848052864270596,0.0
12.436612612612612,10.973566459845493,1.4630461527671184,0.9849230701979131,0.0
12.488648648648647,11.01961669413258,1.4690319545160673,0.9850420682344455,0.0
12.540684684684683,11.065669424830643,1.4750152598540396,0.9851622805366568,0.0
12.592720720720719,11.111724319165413,1.4809964015553057,0.9852834035381273,0.0
12.644756756756754,11.157781739571817,1.4869750171849372,0.9854057408052767,0.0
12.696792792792792,11.203842053929261,1.4929507388635308,0.9855295959045247,0.0
12.748828828828827,11.249904576333604,1.4989242524952235,0.9856543617030319,0.0
12.800864864864863,11.29596967327394,1.5048951915909239,0.985780341767218,0.0
12.852900900900899,11.342037360847804,1.5108635400530943,0.9859075360970829,0.0
12.904936936936934,11.38810765515903,1.5168292817779037,0.9860359446926268,0.0
12.956972972972972,11.434180572254776,1.5227924007181954,0.9861655675538497,0.0
13.009009009009008,11.480256488144233,1.5287525208647743,0.986296708247171,0.0
13.061045045045043,11.526334700319321,1.5347103447257222,0.9864287596397516,0.0
13.113081081081079,11.572415946007434,1.5406651350736453,0.986562328864431,0.0
13.165117117117115,11.618499881255085,1.5466172358620298,0.986697112354789,0.0
13.217153153153152,11.664586521997652,1.5525666311555,0.9868331101108261,0.0
13.269189189189188,11.71067625091851,1.5585129382706775,0.9869706256989617,0.0
13.321225225225223,11.756768719878949,1.564456505346275,0.9871093555527763,0.0
13.37326126126126,11.802863944740752,1.5703973165205074,0.9872492996722697,0.0
13.425297297297295,11.848962312178957,1.5763349851183381,0.9873907616238617,0.0
13.477333333333332,11.895063842072304,1.5822694912610284,0.9875337414075525,0.0
13.529369369369368,11.941168180741148,1.5882011886282204,0.9876779354569221,0.0
13.581405405405404,11.987275343950717,1.5941300614546865,0.9878233437719706,0.0
13.63344144144144,12.033386099904208,1.6000553415372316,0.9879705734855374,0.0
13.685477477477475,12.079499717242394,1.6059777602350813,0.9881190174647831,0.0
13.737513513513512,12.125616590568638,1.611896922944874,0.9882689792761276,0.0
13.789549549549548,12.17173666091068,1.617812888638868,0.9884204589195706,0.0
13.841585585585584,12.217859722976034,1.6237258626095503,0.9885731528286925,0.0
13.89362162162162,12.263986480730999,1.6296351408906204,0.9887276681363328,0.0
13.945657657657655,12.310116189268676,1.635541468388979,0.9888833977096521,0.0
13.997693693693693,12.35624963551767,1.6414440581760221,0.9890409486814895,0.0
14.049729729729728,12.4023864559744,1.6473432737553289,0.9892000174854257,0.0
14.101765765765764,12.448526281851485,1.6532394839142786,0.9893603005550409,0.0
14.1538018018018,12.494669908091739,1.659131893710061,0.9895224050231743,0.0
14.205837837837835,12.540817357954282,1.6650204798835535,0.989686330889826,0.0
14.257873873873873,12.586967870512323,1.6709060033615497,0.9898514710221566,0.0
14.309909909909909,12.633122248231741,1.6767876616781674,0.9900184325530057,0.0
14.361945945945944,12.679280514628719,1.6826654313172256,0.9901872154823731,0.0
14.41398198198198,12.725442296622843,1.688539685359137,0.9903575162438392,0.0
14.466018018018016,12.771607613521608,1.6944104044964075,0.9905293348374038,0.0
14.518054054054051,12.817777282495044,1.7002767715590075,0.9907032783959064,0.0
14.570090090090089,12.863950129886064,1.706139960204025,0.9908784362200881,0.0
14.622126126126124,12.910127375648786,1.7119987504773384,0.9910557190092079,0.0
14.67416216216216,12.956308241007854,1.7178539211543065,0.9912345196304261,0.0
14.726198198198196,13.002493553585197,1.723704644612999,0.9914154452165825,0.0
14.778234234234231,13.04868252922057,1.7295517050136606,0.9915978886348376,0.0
14.830270270270269,13.09487559362226,1.7353946766480082,0.9917821534516109,0.0
14.882306306306305,13.141072769968371,1.7412335363379334,0.9919682396669026,0.0
14.93434234234234,13.187274490393513,1.7470678519488274,0.9921564508471324,0.0
14.986378378378376,13.233480370941383,1.7528980074369933,0.9923464834258806,0.0
15.038414414414412,13.27969002228418,1.7587243921302314,0.9925380338367273,0.0
15.090450450450449,13.325904703309195,1.7645457471412538,0.9927320127789321,0.0
15.142486486486485,13.372123200530199,1.770363285956286,0.9929275095532353,0.0
15.19452252252252,13.418346780553412,1.7761757419691087,0.9931254348588963,0.0
15.246558558558556,13.464574221864844,1.7819843366937125,0.9933248779966559,0.0
15.298594594594592,13.510806798815793,1.787787795778799,0.9935267496657734,0.0
15.35063063063063,13.557043701896623,1.7935869287340065,0.9937304427334092,0.0
15.402666666666665,13.603285374688337,1.799381291978328,0.9939362607659831,0.0
15.4547027027027,13.649531420873524,1.8051712818291765,0.9941439001970753,0.0
15.506738738738736,13.695782720808895,1.8109560179298416,0.9943539681595255,0.0
15.558774774774772,13.742038869458597,1.8167359053161753,0.9945661610869135,0.0
15.61081081081081,13.788299466412038,1.8225113443987713,0.99478017541282,0.0
15.662846846846845,13.834565388871598,1.8282814579752475,0.9949966182700842,0.0
15.71488288288288,13.880836666530309,1.8340462163525721,0.9952154896587063,0.0
15.766918918918917,13.927112394038065,1.839806524880851,0.9954361824458469,0.0
15.818954954954952,13.973393592195745,1.8455613627592076,0.9956593037643451,0.0
15.87099099099099,14.019680228747314,1.851310762243676,0.9958848536142011,0.0
15.923027027027025,14.065971899267172,1.8570551277598533,0.9961125284289952,0.0
15.975063063063061,14.112268629122969,1.862794433940092,0.9963423282087274,0.0
16.027099099099097,14.158571316817948,1.8685277822811486,0.9965748600862372,0.0
16.079135135135132,14.20487911989379,1.8742560152413432,0.996809516928685,0.0
16.131171171171168,14.251192502532,1.8799786686391684,0.9970466023024905,0.0
16.183207207207204,14.297511934137972,1.8856952730692313,0.9972864197740737,0.0
16.23524324324324,14.343836564329889,1.8914066789133503,0.9975283622105949,0.0
16.28727927927928,14.390167082195784,1.8971121970834943,0.9977728849616838,0.0
16.339315315315314,14.436503518617837,1.9028117966974776,0.9980199880273405,0.0
16.39135135135135,14.482845903845833,1.908505447505517,0.9982696714075647,0.0
16.443387387387386,14.529194268606973,1.9141931187804122,0.9985219351023565,0.0
16.49542342342342,14.575548419167148,1.9198750042562729,0.9987766273285063,0.0
16.547459459459457,14.621909057312799,1.9255504021466585,0.9990342034356433,0.0
16.599495495495493,14.668275541850491,1.9312199536450017,0.9992942080741383,0.0
16.65153153153153,14.714648577990353,1.9368829535411756,0.9995570965936205,0.0
16.703567567567564,14.761027859889953,1.9425397076776107,0.9998226413192753,0.0
16.7556036036036,14.806244501231083,1.949359102372517,1.0,9.091814270778819e-05
16.80763963963964,14.849137600869604,1.9585020387700354,1.0,0.00036200295552266245
16.859675675675675,14.891979918858278,1.9676957568173972,1.0,0.000635971649324929
16.91171171171171,14.934772941652696,1.9769387700590144,1.0,0.0009126724409047251
16.963747747747746,14.977514688446416,1.9862330593013304,1.0,0.0011922571134719137
17.01578378378378,15.020203161194246,1.9955806225895358,1.0,0.001474877450236357
17.067819819819817,15.06283984872126,2.0049799710985567,1.0,0.0017603816679881924
17.119855855855853,15.105422745658036,2.0144331101978175,1.0,0.002048921549937283
17.17189189189189,15.147953351924292,2.023938539967597,1.0,0.0023403453128737657
17.223927927927924,15.190427888908491,2.033500039019433,1.0,0.002634956523217367
17.27596396396396,15.232846083449349,2.043117880514611,1.0,0.0029327551809680856
17.328,15.27521298851278,2.0527870114872186,1.0,0.003233285936496333
17.380036036036035,15.3175176970999,2.062518338936135,1.0,0.0035374594890612877
17.43207207207207,15.359770602255935,2.0723014698161357,1.0,0.0038443651394037713
17.484108108108106,15.401960745339005,2.082147362769101,1.0,0.004154913586782961
17.536144144144142,15.444094989753296,2.092049154390846,1.0,0.004468497698359406
17.588180180180178,15.486169487741176,2.102010692439002,1.0,0.004785421040552831
17.640216216216213,15.5281839605279,2.112032255688314,1.0,0.005105683613363237
17.69225225225225,15.570138130343523,2.1221141219087265,1.0,0.005429285416790623
17.744288288288285,15.612031721057363,2.1322565672309217,1.0,0.00575622645083499
17.79632432432432,15.653860827460852,2.142463496863469,1.0,0.006086810281916063
17.848360360360356,15.695628787907511,2.1527315724528453,1.0,0.006420733343614116
17.900396396396395,15.737331682139752,2.1630647142566435,1.0,0.006758299202348875
17.95243243243243,15.778969213093278,2.173463219339153,1.0,0.007099507858120341
18.004468468468467,15.820544748921781,2.1839237195466854,1.0,0.007444055744508787
18.056504504504503,15.8620506742346,2.194453830269902,1.0,0.007792549994353665
18.108540540540538,15.903494033559019,2.2050465069815193,1.0,0.008144383474815522
18.160576576576574,15.944867179739646,2.215709396836928,1.0,0.008500163318733813
18.21261261261261,15.986169795717393,2.226442816895217,1.0,0.008859889526108534
18.264648648648645,16.02740525146881,2.237243397179835,1.0,0.009223258530519961
18.31668468468468,16.06857342887004,2.248111255814642,1.0,0.009590270331968095
18.368720720720717,16.109666161056126,2.259054559664591,1.0,0.009961532063292386
18.420756756756756,16.150691079867283,2.270065676889473,1.0,0.010336436591653382
18.47279279279279,16.19164017953027,2.2811526132625204,1.0,0.010715591049890534
18.524828828828827,16.232516880200077,2.2923119486287504,1.0,0.01109869187158412
18.576864864864863,16.273320887235425,2.303543977629438,1.0,0.011485739056734137
18.6289009009009,16.314048171845993,2.3148527290549055,1.0,0.011877036171760311
18.680936936936934,16.354702150036484,2.32623478690045,1.0,0.012272279650242916
18.73297297297297,16.395278739535293,2.337694233437677,1.0,0.012671773058601678
18.785009009009006,16.435773826961615,2.3492351820473907,1.0,0.01307581996325632
18.83704504504504,16.47619466576362,2.3608503792814197,1.0,0.013483813231367396
18.889081081081077,16.51653334735724,2.372547733723838,1.0,0.013896359995774354
18.941117117117116,16.556793346324028,2.384323770793088,1.0,0.01431315669005747
18.993153153153152,16.596970524722114,2.3961826284310384,1.0,0.01473450688063647
19.045189189189188,16.637064454508597,2.408124734680591,1.0,0.01516041056751135
19.097225225225223,16.677075003259322,2.4201502219659012,1.0,0.015590867750682113
19.14926126126126,16.71700557474545,2.432255686515809,1.0,0.016025574863729034
19.201297297297295,16.75684815157847,2.444449145718824,1.0,0.016465139039491563
19.25333333333333,16.796602324104995,2.456731009228335,1.0,0.0169095602779697
19.305369369369366,16.836271785270956,2.46909758409841,1.0,0.017358535012743717
19.3574054054054,16.875856038869916,2.4815493665354857,1.0,0.017812063243813618
19.409441441441437,16.915346963831247,2.49409447761019,1.0,0.018270752104018854
19.461477477477477,16.954748340647633,2.5067291368298434,1.0,0.018734298026939697
19.513513513513512,16.994059577267848,2.5194539362456645,1.0,0.019202701012576148
19.565549549549548,17.03328042042538,2.532269129124167,1.0,0.019675961060928206
19.617585585585584,17.072406618390854,2.5451789671947296,1.0,0.0201543817384156
19.66962162162162,17.11144173885987,2.558179882761749,1.0,0.020637659478618602
19.721657657657655,17.150377589107713,2.5712800685499424,1.0,0.02112640141437666
19.77369369369369,17.189221933845136,2.5844717598485545,1.0,0.02162000041285033
19.825729729729726,17.22796603921975,2.597763690509975,1.0,0.02211906360687906
19.877765765765762,17.266609796724854,2.611155969040908,1.0,0.02262359099646284
19.929801801801798,17.30515681099858,2.624644990803219,1.0,0.023133279015181963
19.981837837837837,17.34360678259879,2.6382310552390464,1.0,0.023648127663036415
20.033873873873873,17.38195138386473,2.6519224900091416,1.0,0.02416874407286565
20.08590990990991,17.42019422203642,2.6657156878734867,1.0,0.024694824678249953
20.137945945945944,17.458334946016446,2.6796109999294977,1.0,0.025226369479189305
20.18998198198198,17.496369210665044,2.6936127713169356,1.0,0.025763682042103445
20.242018018018015,17.534300654211574,2.7077173638064416,1.0,0.026306458800572648
20.29405405405405,17.57212492388299,2.7219291301710626,1.0,0.02685500332101663
20.346090090090087,17.609837642189817,2.73625244790027,1.0,0.027409619169855126
20.398126126126122,17.64744648246283,2.750679643663293,1.0,0.027969699214248682
20.450162162162158,17.684943049145076,2.765219113017082,1.0,0.02853585058703674
20.502198198198194,17.722326972745055,2.779871225453139,1.0,0.029108073288219315
20.554234234234233,17.759601932061035,2.7946323021731985,1.0,0.02968606375137667
20.60627027027027,17.7967594817356,2.80951078853467,1.0,0.030270429109348265
20.658306306306304,17.83380736048928,2.824498945817023,1.0,0.03086056222929464
20.71034234234234,17.87073710310647,2.839605239235869,1.0,0.03145707024405526
20.762378378378376,17.907548338854244,2.8548300395241313,1.0,0.03205995315363011
20.81441441441441,17.9442447794073,2.8701696350071124,1.0,0.03266890739159947
20.866450450450447,17.98082199686582,2.8856284535846264,1.0,0.03328423652438306
20.918486486486483,18.017275520659602,2.9012109658268805,1.0,0.03390624411840062
20.97052252252252,18.05361321411807,2.916909308404449,1.0,0.03453432304081268
21.022558558558554,18.08982241369664,2.932736144861913,1.0,0.03516938399087843
21.074594594594593,18.12591508537955,2.9486795092150437,1.0,0.0358105162693387
21.12663063063063,18.161874401248582,2.964756229382047,1.0,0.03645893414187237
21.178666666666665,18.197716477126548,2.980950189540117,1.0,0.03711342334280056
21.2307027027027,18.233424485220276,2.9972782174824246,1.0,0.03777519813780215
21.282738738738736,18.269006310437884,3.0137324283008518,1.0,0.038443651394037714
21.334774774774772,18.304461610142223,3.030313164632549,1.0,0.039118783111507224
21.386810810810807,18.339781754221637,3.047029056589171,1.0,0.03980120042305016
21.438846846846843,18.374974677614937,3.0638721692319066,1.0,0.04049029619582705
21.49088288288288,10.745441441441438,10.745441441441441,0.9843499367974714,0.9843499367974714
21.542918918918915,10.771459459459459,10.771459459459455,0.9844139893120336,0.9844139893120336
21.594954954954954,10.797477477477475,10.797477477477479,0.9844783453930154,0.9844783453930154
21.64699099099099,10.823495495495495,10.823495495495495,0.9845430050404169,0.9845430050404169
21.699027027027025,10.84951351351351,10.849513513513514,0.984607968254238,0.984607968254238
21.75106306306306,10.875531531531529,10.875531531531532,0.9846735386008988,0.9846735386008988
21.803099099099096,10.901549549549546,10.90154954954955,0.9847391089475594,0.9847391089475594
21.855135135135132,10.927567732982919,10.927567402152214,0.9848052864270596,0.9848052864270596
21.907171171171168,10.953585585585586,10.953585585585582,0.9848717674729794,0.9848717674729794
21.959207207207204,10.9796036036036,10.979603603603604,0.9849385520853191,0.9849385520853191
22.01124324324324,11.005621621621621,11.005621621621618,0.9850056402640784,0.9850056402640784
22.063279279279275,11.031639639639637,11.031639639639637,0.9850733355756772,0.9850733355756772
22.115315315315314,11.057657657657659,11.057657657657655,0.985141030887276,0.985141030887276
22.16735135135135,11.083675675675673,11.083675675675677,0.9852093333317142,0.9852093333317142
22.219387387387386,11.109693693693691,11.109693693693695,0.9852779393425722,0.9852779393425722
22.27142342342342,11.135711711711714,11.135711711711707,0.9853471524862696,0.9853471524862696
22.323459459459457,11.161729729729728,11.161729729729728,0.985416365629967,0.985416365629967
22.375495495495493,11.187747747747748,11.187747747747744,0.9854861859065039,0.9854861859065039
22.42753153153153,11.213765765765764,11.213765765765764,0.9855563097494605,0.9855563097494605
22.479567567567564,11.239783783783782,11.239783783783782,0.9856267371588369,0.9856267371588369
22.5316036036036,11.2658033830114,11.2658002205922,0.9856977717010525,0.9856974681346329
22.583639639639635,11.291819819819814,11.291819819819821,0.9857688062432683,0.9857688062432683
22.63567567567567,11.317837837837835,11.317837837837835,0.9858404479183236,0.9858404479183236
22.68771171171171,11.343855855855857,11.343855855855853,0.9859126967262183,0.9859126967262183
22.739747747747746,11.369873873873873,11.369873873873873,0.985984945534113,0.985984945534113
22.79178378378378,11.39589189189189,11.39589189189189,0.9860578014748471,0.9860578014748471
22.843819819819817,11.421909909909909,11.421909909909909,0.9861309609820008,0.9861309609820008
22.895855855855853,11.44792953670919,11.447926319146664,0.9862047276219943,0.9862044240555745
22.94789189189189,11.473945945945944,11.473945945945944,0.9862784942619875,0.9862784942619875
22.999927927927924,11.499963963963962,11.499963963963962,0.9863528680348204,0.9863528680348204
23.05196396396396,11.525981981981984,11.525981981981976,0.9864278489404925,0.9864278489404925
23.103999999999996,11.551999999999996,11.552,0.9865028298461647,0.9865028298461647
23.15603603603603,11.578018018018017,11.578018018018014,0.9865787214510962,0.9865787214510962
23.20807207207207,11.604036036036035,11.604036036036035,0.9866546130560274,0.9866546130560274
23.260108108108106,11.630054054054053,11.630054054054053,0.9867311117937982,0.9867311117937982
23.312144144144142,11.656072072072071,11.656072072072071,0.9868079140979887,0.9868079140979887
23.364180180180178,11.682090090090089,11.682090090090089,0.9868850199685991,0.9868850199685991
23.416216216216213,11.708108108108103,11.70810810810811,0.9869627329720487,0.9869627329720487
23.46825225225225,11.734126126126124,11.734126126126124,0.987041053108338,0.987041053108338
23.520288288288285,11.760144144144142,11.760144144144142,0.9871193732446272,0.9871193732446272
23.57232432432432,11.786163825085938,11.786160499238383,0.9871986040801755,0.9871983005137558
23.624360360360356,11.812180180180176,11.81218018018018,0.9872778349157239,0.9872778349157239
23.67639639639639,11.838198198198194,11.838198198198198,0.9873576728841117,0.9873576728841117
23.72843243243243,11.864216216216215,11.864216216216215,0.9874378144189193,0.9874378144189193
23.780468468468467,11.890234234234235,11.890234234234232,0.9875185630865662,0.9875185630865662
23.832504504504502,11.916252252252251,11.916252252252251,0.9875996153206329,0.9875996153206329
23.884540540540538,11.94227027027027,11.942270270270267,0.9876812746875391,0.9876812746875391
23.936576576576574,11.968288288288289,11.968288288288285,0.9877632376208649,0.9877632376208649
23.98861261261261,11.994306306306306,11.994306306306303,0.9878458076870302,0.9878458076870302
24.040648648648645,12.020324324324324,12.02032432432432,0.9879286813196153,0.9879286813196153
24.09268468468468,12.04634234234234,12.04634234234234,0.9880121620850397,0.9880121620850397
24.144720720720716,12.072360360360356,12.07236036036036,0.9880959464168841,0.9880959464168841
24.196756756756752,12.098378378378376,12.098378378378376,0.9881803378815677,0.9881803378815677
24.24879279279279,12.124396396396394,12.124396396396397,0.9882650329126712,0.9882650329126712
24.300828828828827,12.150414414414413,12.150414414414413,0.9883500315101943,0.9883500315101943
24.352864864864863,12.176432432432431,12.176432432432431,0.9884359408069767,0.9884359408069767
24.4049009009009,12.202450450450447,12.202450450450451,0.9885218501037589,0.9885218501037589
24.456936936936934,12.228468468468467,12.228468468468467,0.9886086700998005,0.9886086700998005
24.50897297297297,12.254486486486485,12.254486486486485,0.9886957936622617,0.9886957936622617
24.561009009009005,12.280504689987156,12.28050431902185,0.9887832207911427,0.9887832207911427
24.61304504504504,12.30652252252252,12.30652252252252,0.988871255052863,0.988871255052863
24.665081081081077,12.33254054054054,12.332540540540537,0.9889598964474229,0.9889598964474229
24.717117117117112,12.358558558558556,12.358558558558556,0.9890488414084024,0.9890488414084024
24.769153153153148,12.384576576576574,12.384576576576574,0.9891383935022214,0.9891383935022214
24.821189189189187,12.410594594594595,12.410594594594592,0.9892282491624602,0.9892282491624602
24.873225225225223,12.43661261261261,12.436612612612613,0.9893187119555384,0.9893187119555384
24.92526126126126,12.462630630630628,12.462630630630631,0.989409781881456,0.989409781881456
24.977297297297294,12.48865013578826,12.488647161509034,0.9895014589402132,0.9895011553737936
25.02933333333333,12.514666666666663,12.514666666666667,0.98959343956539,0.98959343956539
25.081369369369366,12.540684684684685,12.540684684684681,0.9896857237569866,0.9896857237569866
25.1334054054054,12.5667027027027,12.5667027027027,0.9897789186478423,0.9897789186478423
25.185441441441437,12.592720720720717,12.59272072072072,0.9898724171051178,0.9898724171051178
25.237477477477473,12.61874053952043,12.618736937957042,0.9899665226952326,0.9899662191288129
25.28951351351351,12.644756756756754,12.644756756756754,0.9900609318517672,0.9900609318517672
25.341549549549548,12.670774774774774,12.670774774774774,0.9901559481411414,0.9901559481411414
25.393585585585583,12.69679279279279,12.696792792792793,0.990251571563355,0.990251571563355
25.44562162162162,12.722810810810811,12.722810810810808,0.990347802118408,0.990347802118408
25.497657657657655,12.748828828828826,12.74882882882883,0.9904443362398806,0.9904443362398806
25.54969369369369,12.774846846846843,12.774846846846847,0.9905414774941929,0.9905414774941929
25.601729729729726,12.800864864864861,12.800864864864865,0.9906392258813445,0.9906392258813445
25.653765765765762,12.826882882882883,12.82688288288288,0.9907375814013355,0.9907375814013355
25.705801801801798,12.8529009009009,12.852900900900897,0.990836544054166,0.990836544054166
25.757837837837833,12.878918918918917,12.878918918918917,0.9909358102734163,0.9909358102734163
25.80987387387387,12.904936936936933,12.904936936936936,0.9910356836255059,0.9910356836255059
25.861909909909908,12.930954954954952,12.930954954954956,0.991136164110435,0.991136164110435
25.913945945945944,12.956972972972974,12.95697297297297,0.9912372517282035,0.9912372517282035
25.96598198198198,12.982990990990993,12.982990990990986,0.9913389464788117,0.9913389464788117
26.018018018018015,13.00900900900901,13.009009009009006,0.9914409447958394,0.9914409447958394
26.07005405405405,13.035027027027025,13.035027027027025,0.9915438538121264,0.9915438538121264
26.122090090090087,13.061045045045041,13.061045045045045,0.9916470663948331,0.9916470663948331
26.174126126126122,13.08706306306306,13.087063063063063,0.9917508861103792,0.9917508861103792
26.226162162162158,13.113081081081077,13.11308108108108,0.9918553129587647,0.9918553129587647
26.278198198198194,13.139099099099095,13.139099099099099,0.9919603469399898,0.9919603469399898
26.33023423423423,13.165117117117113,13.165117117117116,0.9920659880540541,0.9920659880540541
26.38227027027027,13.191135135135132,13.191135135135136,0.9921722363009582,0.9921722363009582
26.434306306306304,13.21715315315315,13.217153153153154,0.9922790916807015,0.9922790916807015
26.48634234234234,13.2431728807858,13.24316946155654,0.9923865541932844,0.9923862506268647
26.538378378378376,13.269189189189186,13.26918918918919,0.9924943202722869,0.9924943202722869
26.59041441441441,13.29520720720721,13.295207207207202,0.9926029970505486,0.9926029970505486
26.642450450450447,13.321225225225227,13.32122522522522,0.9927122809616499,0.9927122809616499
26.694486486486483,13.347243243243241,13.347243243243241,0.9928221720055904,0.9928221720055904
26.74652252252252,13.37326126126126,13.37326126126126,0.9929323666159509,0.9929323666159509
26.798558558558554,13.399279279279275,13.399279279279279,0.9930434719255703,0.9930434719255703
26.85059459459459,13.425297297297293,13.425297297297297,0.9931551843680293,0.9931551843680293
26.902630630630625,13.451315315315313,13.451315315315313,0.9932675039433279,0.9932675039433279
26.954666666666665,13.477333333333334,13.47733333333333,0.9933804306514656,0.9933804306514656
27.0067027027027,13.503351351351348,13.503351351351352,0.993493964492443,0.993493964492443
27.058738738738736,13.529369369369366,13.52936936936937,0.9936081054662598,0.9936081054662598
27.11077477477477,13.555387387387382,13.55538738738739,0.9937231571393358,0.9937231571393358
27.162810810810807,13.581405405405402,13.581405405405405,0.9938385123788315,0.9938385123788315
27.214846846846843,13.607423423423421,13.607423423423421,0.9939547783175864,0.9939547783175864
27.26688288288288,13.63344144144144,13.63344144144144,0.994071347822761,0.994071347822761
27.318918918918914,13.65945945945946,13.659459459459454,0.9941888280271947,0.9941888280271947
27.37095495495495,13.685477477477473,13.685477477477477,0.9943069153644679,0.9943069153644679
27.422990990990986,13.711495495495493,13.711495495495493,0.9944259134010004,0.9944259134010004
27.475027027027025,13.73751351351351,13.737513513513514,0.9945452150039524,0.9945452150039524
27.52706306306306,13.763531531531529,13.763531531531532,0.9946654273061638,0.9946654273061638
27.579099099099096,13.789549549549548,13.789549549549548,0.9947862467412145,0.9947862467412145
27.631135135135132,13.815567567567564,13.815567567567568,0.9949076733091047,0.9949076733091047
27.683171171171168,13.841585585585582,13.841585585585586,0.9950297070098343,0.9950297070098343
27.735207207207203,13.867603603603603,13.8676036036036,0.9951526514098231,0.9951526514098231
27.78724324324324,13.89362162162162,13.89362162162162,0.9952762029426514,0.9952762029426514
27.839279279279275,13.919639639639637,13.919639639639637,0.9954003616083192,0.9954003616083192
27.89131531531531,13.945657657657653,13.945657657657657,0.9955254309732462,0.9955254309732462
27.943351351351346,13.971675675675673,13.971675675675673,0.9956511074710125,0.9956511074710125
27.995387387387385,13.997693693693694,13.99769369369369,0.9957773911016182,0.9957773911016182
28.04742342342342,14.023711711711712,14.023711711711709,0.9959045854314832,0.9959045854314832
28.099459459459457,14.049729729729728,14.049729729729728,0.9960323868941876,0.9960323868941876
28.151495495495492,14.075747747747746,14.075747747747746,0.9961607954897316,0.9961607954897316
28.203531531531528,14.101765765765762,14.101765765765766,0.9962901147845347,0.9962901147845347
28.255567567567564,14.127783783783784,14.12778378378378,0.9964200412121771,0.9964200412121771
28.3076036036036,14.153801801801801,14.153801801801798,0.9965508783390787,0.9965508783390787
28.359639639639635,14.179819819819816,14.17981981981982,0.99668232259882,0.99668232259882
28.41167567567567,14.205837837837834,14.205837837837837,0.9968143739914006,0.9968143739914006
28.463711711711706,14.231855855855851,14.231855855855855,0.9969473360832404,0.9969473360832404
28.515747747747746,14.257873873873871,14.257873873873875,0.9970812088743393,0.9970812088743393
28.56778378378378,14.28389189189189,14.28389189189189,0.9972156887982777,0.9972156887982777
28.619819819819817,14.30990990990991,14.309909909909907,0.9973507758550555,0.9973507758550555
28.671855855855853,14.33592886706774,14.335926988788113,0.9974869253943025,0.9974867736110926
28.72389189189189,14.361945945945942,14.361945945945946,0.9976236820663887,0.9976236820663887
28.775927927927924,14.387964905057778,14.387963022870146,0.9977613494377343,0.9977611976545244
28.82796396396396,14.41398198198198,14.41398198198198,0.9978996239419193,0.9978996239419193
28.879999999999995,14.439999999999998,14.439999999999998,0.9980388091453634,0.9980388091453634
28.93203603603603,14.466018018018016,14.466018018018016,0.9981787532648569,0.9981787532648569
28.984072072072067,14.492036036036033,14.492036036036033,0.9983194563003996,0.9983194563003996
29.036108108108102,14.518054054054051,14.518054054054051,0.9984610700352016,0.9984610700352016
29.08814414414414,14.54407301898524,14.544071125158903,0.9986034426860527,0.9986032909028429
29.140180180180177,14.570090090090089,14.570090090090089,0.9987465742529534,0.9987465742529534
29.192216216216213,14.596108108108107,14.596108108108107,0.9988904647359033,0.9988904647359033
29.24425225225225,14.622126126126124,14.622126126126124,0.9990354177013222,0.9990354177013222
29.296288288288284,14.648144144144142,14.648144144144142,0.9991809777995805,0.9991809777995805
29.34832432432432,14.67416216216216,14.67416216216216,0.9993274485970981,0.9993274485970981
29.400360360360356,14.700180180180176,14.70018018018018,0.9994748300938749,0.9994748300938749
29.45239639639639,14.726198198198196,14.726198198198196,0.9996229705067009,0.9996229705067009
29.504432432432427,14.752216216216215,14.752216216216212,0.9997720216187862,0.9997720216187862
29.556468468468463,14.77823423423423,14.778234234234233,0.9999218316469207,0.9999218316469207
29.608504504504502,14.804252252252251,14.804252252252251,1.0,1.0
29.660540540540538,14.830270270270269,14.830270270270269,1.0,1.0
29.712576576576573,14.856288288288283,14.85628828828829,1.0,1.0
29.76461261261261,14.882306306306303,14.882306306306306,1.0,1.0
29.816648648648645,14.90832432432432,14.908324324324324,1.0,1.0
29.86868468468468,14.93434234234234,14.93434234234234,1.0,1.0
29.920720720720716,14.960360360360358,14.960360360360358,1.0,1.0
29.972756756756752,14.98637837837838,14.986378378378372,1.0,1.0
30.024792792792788,15.012396396396397,15.01239639639639,1.0,1.0
30.076828828828823,15.038414414414413,15.03841441441441,1.0,1.0
30.128864864864862,15.06443243243243,15.064432432432433,1.0,1.0
30.180900900900898,15.090450450450447,15.09045045045045,1.0,1.0
30.232936936936934,15.116468468468465,15.116468468468469,1.0,1.0
30.28497297297297,15.142486486486483,15.142486486486487,1.0,1.0
30.337009009009005,15.168504504504503,15.168504504504503,1.0,1.0
30.38904504504504,15.194522522522522,15.194522522522519,1.0,1.0
30.441081081081077,15.220540540540538,15.220540540540538,1.0,1.0
30.493117117117112,15.246558558558558,15.246558558558554,1.0,1.0
30.545153153153148,15.272576576576572,15.272576576576576,1.0,1.0
30.597189189189184,15.298594594594592,15.298594594594592,1.0,1.0
30.649225225225223,15.324612612612611,15.324612612612611,1.0,1.0
30.70126126126126,15.350630630630631,15.350630630630627,1.0,1.0
30.753297297297294,15.376648648648647,15.376648648648647,1.0,1.0
30.80533333333333,15.402666666666665,15.402666666666665,1.0,1.0
30.857369369369366,15.428684684684685,15.428684684684681,1.0,1.0
30.9094054054054,15.454702702702702,15.454702702702699,1.0,1.0
30.961441441441437,15.480720720720718,15.480720720720718,1.0,1.0
31.013477477477473,15.506738738738736,15.506738738738736,1.0,1.0
31.06551351351351,15.532756756756752,15.532756756756756,1.0,1.0
31.117549549549544,15.55877477477477,15.558774774774774,1.0,1.0
31.16958558558558,15.584792792792788,15.584792792792792,1.0,1.0
31.22162162162162,15.610810810810811,15.610810810810808,1.0,1.0
31.273657657657655,15.63682882882883,15.636828828828824,1.0,1.0
31.32569369369369,15.662846846846847,15.662846846846843,1.0,1.0
31.377729729729726,15.688864864864863,15.688864864864863,1.0,1.0
31.42976576576576,15.71488288288288,15.71488288288288,1.0,1.0
31.481801801801797,15.740900900900897,15.7409009009009,1.0,1.0
31.533837837837833,15.766918918918915,15.766918918918918,1.0,1.0
31.58587387387387,15.792936936936933,15.792936936936936,1.0,1.0
31.637909909909904,15.818954954954952,15.818954954954952,1.0,1.0
31.68994594594594,15.84497297297297,15.84497297297297,1.0,1.0
31.74198198198198,15.870990990990991,15.870990990990988,1.0,1.0
31.794018018018015,15.897009009009007,15.897009009009007,1.0,1.0
31.84605405405405,15.923027027027025,15.923027027027025,1.0,1.0
31.898090090090086,15.949045045045041,15.949045045045045,1.0,1.0
31.950126126126122,15.975063063063061,15.975063063063061,1.0,1.0
32.00216216216216,16.001081081081075,16.001081081081082,1.0,1.0
32.05419819819819,16.027099099099097,16.027099099099097,1.0,1.0
32.10623423423423,16.053117117117115,16.053117117117115,1.0,1.0
32.158270270270265,16.079135135135132,16.079135135135132,1.0,1.0
32.2103063063063,16.10515315315315,16.10515315315315,1.0,1.0
32.262342342342336,16.131171171171168,16.131171171171168,1.0,1.0
32.31437837837837,16.157189189189182,16.15718918918919,1.0,1.0
32.36641441441441,16.183207207207204,16.183207207207204,1.0,1.0
32.41845045045044,16.209225225225218,16.209225225225225,1.0,1.0
32.47048648648648,16.235243243243236,16.235243243243243,1.0,1.0
32.52252252252252,16.261261261261264,16.261261261261257,1.0,1.0
32.57455855855856,16.287279279279282,16.287279279279275,1.0,1.0
32.62659459459459,16.313297297297296,16.313297297297296,1.0,1.0
32.67863063063063,16.339315315315314,16.339315315315314,1.0,1.0
32.730666666666664,16.365333333333332,16.365333333333332,1.0,1.0
32.7827027027027,16.391351351351346,16.391351351351354,1.0,1.0
32.834738738738736,16.417369369369368,16.417369369369368,1.0,1.0
32.88677477477477,16.443387387387386,16.443387387387386,1.0,1.0
32.93881081081081,16.469405405405404,16.469405405405404,1.0,1.0
32.99084684684684,16.49542342342342,16.49542342342342,1.0,1.0
33.04288288288288,16.52144144144144,16.52144144144144,1.0,1.0
33.094918918918914,16.547459459459457,16.547459459459457,1.0,1.0
33.14695495495495,16.573477477477475,16.573477477477475,1.0,1.0
33.198990990990985,16.599495495495493,16.599495495495493,1.0,1.0
33.25102702702702,16.62551351351351,16.62551351351351,1.0,1.0
33.30306306306306,16.651531531531525,16.651531531531532,1.0,1.0
33.35509909909909,16.677549549549546,16.677549549549546,1.0,1.0
33.40713513513513,16.703567567567564,16.703567567567564,1.0,1.0
33.459171171171164,16.729585585585582,16.729585585585582,1.0,1.0
33.5112072072072,16.7556036036036,16.7556036036036,1.0,1.0
33.563243243243235,16.781621621621618,16.781621621621618,1.0,1.0
33.61527927927928,16.80763963963964,16.80763963963964,1.0,1.0
33.667315315315314,16.833657657657653,16.83365765765766,1.0,1.0
33.71935135135135,16.859675675675675,16.859675675675675,1.0,1.0
33.771387387387385,16.885693693693693,16.885693693693693,1.0,1.0
33.82342342342342,16.91171171171171,16.91171171171171,1.0,1.0
33.87545945945946,16.93772972972973,16.93772972972973,1.0,1.0
33.92749549549549,16.963747747747746,16.963747747747746,1.0,1.0
33.97953153153153,16.98976576576576,16.989765765765767,1.0,1.0
34.03156756756756,17.01578378378378,17.01578378378378,1.0,1.0
34.0836036036036,17.0418018018018,17.0418018018018,1.0,1.0
34.135639639639635,17.067819819819817,17.067819819819817,1.0,1.0
34.18767567567567,17.093837837837835,17.093837837837835,1.0,1.0
34.239711711711706,17.119855855855853,17.119855855855853,1.0,1.0
34.29174774774774,17.14587387387387,17.14587387387387,1.0,1.0
34.34378378378378,17.17189189189189,17.17189189189189,1.0,1.0
34.39581981981981,17.19790990990991,17.197909909909903,1.0,1.0
34.44785585585585,17.223927927927924,17.223927927927924,1.0,1.0
34.499891891891885,17.249945945945942,17.249945945945942,1.0,1.0
34.55192792792792,17.27596396396396,17.27596396396396,1.0,1.0
34.603963963963956,17.301981981981978,17.301981981981978,1.0,1.0
34.656,17.328,17.328,1.0,1.0
34.708036036036034,17.354018018018017,17.354018018018017,1.0,1.0
34.76007207207207,17.380036036036035,17.380036036036035,1.0,1.0
34.812108108108106,17.406054054054053,17.406054054054053,1.0,1.0
34.86414414414414,17.43207207207207,17.43207207207207,1.0,1.0
34.91618018018018,17.45809009009009,17.45809009009009,1.0,1.0
34.96821621621621,17.484108108108106,17.484108108108106,1.0,1.0
35.02025225225225,17.510126126126124,17.510126126126124,1.0,1.0
35.072288288288284,17.536144144144142,17.536144144144142,1.0,1.0
35.12432432432432,17.56216216216216,17.56216216216216,1.0,1.0
35.176360360360356,17.588180180180178,17.588180180180178,1.0,1.0
35.22839639639639,17.614198198198196,17.614198198198196,1.0,1.0
35.28043243243243,17.640216216216213,17.640216216216213,1.0,1.0
35.33246846846846,17.66623423423423,17.66623423423423,1.0,1.0
35.3845045045045,17.69225225225225,17.69225225225225,1.0,1.0
35.436540540540534,17.718270270270267,17.718270270270267,1.0,1.0
35.48857657657657,17.744288288288285,17.744288288288285,1.0,1.0
35.540612612612605,17.770306306306303,17.770306306306303,1.0,1.0
35.59264864864864,17.79632432432432,17.79632432432432,1.0,1.0
35.64468468468468,17.82234234234234,17.82234234234234,1.0,1.0
35.69672072072071,17.848360360360356,17.848360360360356,1.0,1.0
35.748756756756755,17.874378378378378,17.874378378378378,1.0,1.0
35.80079279279279,17.900396396396392,17.9003963963964,1.0,1.0
35.85282882882883,17.926414414414413,17.926414414414413,1.0,1.0
35.90486486486486,17.95243243243243,17.95243243243243,1.0,1.0
35.9569009009009,17.97845045045045,17.97845045045045,1.0,1.0
36.008936936936934,18.004468468468467,18.004468468468467,1.0,1.0
36.06097297297297,18.030486486486485,18.030486486486485,1.0,1.0
36.113009009009005,18.056504504504503,18.056504504504503,1.0,1.0
36.16504504504504,18.082522522522517,18.082522522522524,1.0,1.0
36.217081081081076,18.108540540540538,18.108540540540538,1.0,1.0
36.26911711711711,18.134558558558556,18.134558558558556,1.0,1.0
36.32115315315315,18.160576576576574,18.160576576576574,1.0,1.0
36.37318918918918,18.18659459459459,18.18659459459459,1.0,1.0
36.42522522522522,18.21261261261261,18.21261261261261,1.0,1.0
36.477261261261255,18.238630630630627,18.238630630630627,1.0,1.0
36.52929729729729,18.264648648648645,18.264648648648645,1.0,1.0
36.581333333333326,18.290666666666663,18.290666666666663,1.0,1.0
36.63336936936936,18.31668468468468,18.31668468468468,1.0,1.0
36.6854054054054,18.3427027027027,18.3427027027027,1.0,1.0
36.73744144144143,18.368720720720717,18.368720720720717,1.0,1.0
36.789477477477476,18.394738738738738,18.394738738738738,1.0,1.0
36.84151351351351,18.420756756756756,18.420756756756756,1.0,1.0
36.89354954954955,18.446774774774774,18.446774774774774,1.0,1.0
36.94558558558558,18.47279279279279,18.47279279279279,1.0,1.0
36.99762162162162,18.49881081081081,18.49881081081081,1.0,1.0
37.049657657657654,18.524828828828827,18.524828828828827,1.0,1.0
37.10169369369369,18.550846846846845,18.550846846846845,1.0,1.0
37.153729729729726,18.576864864864863,18.576864864864863,1.0,1.0
37.20576576576576,18.60288288288288,18.60288288288288,1.0,1.0
37.2578018018018,18.6289009009009,18.6289009009009,1.0,1.0
37.30983783783783,18.654918918918916,18.654918918918916,1.0,1.0
37.36187387387387,18.680936936936934,18.680936936936934,1.0,1.0
37.413909909909904,18.706954954954952,18.706954954954952,1.0,1.0
37.46594594594594,18.73297297297297,18.73297297297297,1.0,1.0
37.517981981981976,18.758990990990988,18.758990990990988,1.0,1.0
37.57001801801801,18.785009009009006,18.785009009009006,1.0,1.0
37.62205405405405,18.811027027027023,18.811027027027023,1.0,1.0
37.67409009009008,18.83704504504504,18.83704504504504,1.0,1.0
37.72612612612612,18.86306306306306,18.86306306306306,1.0,1.0
37.778162162162154,18.889081081081077,18.889081081081077,1.0,1.0
37.83019819819819,18.915099099099095,18.915099099099095,1.0,1.0
37.88223423423423,18.941117117117116,18.941117117117116,1.0,1.0
37.93427027027027,18.967135135135134,18.967135135135134,1.0,1.0
37.986306306306304,18.993153153153152,18.993153153153152,1.0,1.0
38.03834234234234,19.019171171171166,19.019171171171173,1.0,1.0
38.090378378378375,19.045189189189188,19.045189189189188,1.0,1.0
38.14241441441441,19.071207207207205,19.071207207207205,1.0,1.0
38.19445045045045,19.097225225225223,19.097225225225223,1.0,1.0
38.24648648648648,19.123243243243245,19.123243243243238,1.0,1.0
38.29852252252252,19.149261261261262,19.149261261261255,1.0,1.0
38.350558558558554,19.17527927927928,19.175279279279273,1.0,1.0
38.40259459459459,19.201297297297295,19.201297297297295,1.0,1.0
38.454630630630625,19.227315315315312,19.227315315315312,1.0,1.0
38.50666666666666,19.25333333333333,19.25333333333333,1.0,1.0
38.558702702702696,19.279351351351348,19.279351351351348,1.0,1.0
38.61073873873873,19.305369369369366,19.305369369369366,1.0,1.0
38.66277477477477,19.331387387387384,19.331387387387384,1.0,1.0
38.7148108108108,19.3574054054054,19.3574054054054,1.0,1.0
38.76684684684684,19.38342342342342,19.38342342342342,1.0,1.0
38.818882882882875,19.409441441441437,19.409441441441437,1.0,1.0
38.87091891891891,19.43545945945945,19.43545945945946,1.0,1.0
38.92295495495495,19.46147747747748,19.461477477477473,1.0,1.0
38.97499099099099,19.487495495495494,19.487495495495494,1.0,1.0
39.027027027027025,19.513513513513512,19.513513513513512,1.0,1.0
39.07906306306306,19.53953153153153,19.53953153153153,1.0,1.0
39.131099099099096,19.565549549549548,19.565549549549548,1.0,1.0
39.18313513513513,19.591567567567566,19.591567567567566,1.0,1.0
39.23517117117117,19.617585585585584,19.617585585585584,1.0,1.0
39.2872072072072,19.6436036036036,19.6436036036036,1.0,1.0
39.33924324324324,19.66962162162162,19.66962162162162,1.0,1.0
39.391279279279274,19.695639639639637,19.695639639639637,1.0,1.0
39.44331531531531,19.721657657657655,19.721657657657655,1.0,1.0
39.495351351351346,19.747675675675673,19.747675675675673,1.0,1.0
39.54738738738738,19.77369369369369,19.77369369369369,1.0,1.0
39.59942342342342,19.799711711711712,19.799711711711705,1.0,1.0
39.65145945945945,19.825729729729726,19.825729729729726,1.0,1.0
39.70349549549549,19.851747747747744,19.851747747747744,1.0,1.0
39.755531531531524,19.877765765765762,19.877765765765762,1.0,1.0
39.80756756756756,19.90378378378378,19.90378378378378,1.0,1.0
39.859603603603595,19.929801801801798,19.929801801801798,1.0,1.0
39.91163963963963,19.955819819819816,19.955819819819816,1.0,1.0
39.963675675675674,19.981837837837837,19.981837837837837,1.0,1.0
40.01571171171171,20.007855855855855,20.007855855855855,1.0,1.0
40.067747747747745,20.033873873873873,20.033873873873873,1.0,1.0
40.11978378378378,20.05989189189189,20.05989189189189,1.0,1.0
40.17181981981982,20.08590990990991,20.08590990990991,1.0,1.0
40.22385585585585,20.11192792792793,20.111927927927923,1.0,1.0
40.27589189189189,20.137945945945944,20.137945945945944,1.0,1.0
40.327927927927924,20.163963963963962,20.163963963963962,1.0,1.0
40.37996396396396,20.18998198198198,20.18998198198198,1.0,1.0
40.431999999999995,20.215999999999998,20.215999999999998,1.0,1.0
40.48403603603603,20.242018018018015,20.242018018018015,1.0,1.0
40.536072072072066,20.268036036036033,20.268036036036033,1.0,1.0
40.5881081081081,20.29405405405405,20.29405405405405,1.0,1.0
40.64014414414414,20.32007207207207,20.32007207207207,1.0,1.0
40.69218018018017,20.346090090090087,20.346090090090087,1.0,1.0
40.74421621621621,20.372108108108105,20.372108108108105,1.0,1.0
40.796252252252245,20.398126126126122,20.398126126126122,1.0,1.0
40.84828828828828,20.42414414414414,20.42414414414414,1.0,1.0
40.900324324324316,20.450162162162158,20.450162162162158,1.0,1.0
40.95236036036035,20.476180180180176,20.476180180180176,1.0,1.0
41.00439639639639,20.502198198198194,20.502198198198194,1.0,1.0
41.05643243243243,20.528216216216215,20.528216216216215,1.0,1.0
41.108468468468466,20.554234234234233,20.554234234234233,1.0,1.0
41.1605045045045,20.58025225225225,20.58025225225225,1.0,1.0
41.21254054054054,20.60627027027027,20.60627027027027,1.0,1.0
41.26457657657657,20.632288288288287,20.632288288288287,1.0,1.0
41.31661261261261,20.658306306306304,20.658306306306304,1.0,1.0
41.368648648648644,20.684324324324322,20.684324324324322,1.0,1.0
41.42068468468468,20.71034234234234,20.71034234234234,1.0,1.0
41.472720720720716,20.736360360360358,20.736360360360358,1.0,1.0
41.52475675675675,20.762378378378376,20.762378378378376,1.0,1.0
41.57679279279279,20.788396396396394,20.788396396396394,1.0,1.0
41.62882882882882,20.814414414414408,20.814414414414415,1.0,1.0
41.68086486486486,20.84043243243243,20.84043243243243,1.0,1.0
41.732900900900894,20.866450450450447,20.866450450450447,1.0,1.0
41.78493693693693,20.892468468468465,20.892468468468465,1.0,1.0
41.836972972972966,20.918486486486483,20.918486486486483,1.0,1.0
41.889009009009,20.9445045045045,20.9445045045045,1.0,1.0
41.94104504504504,20.97052252252252,20.97052252252252,1.0,1.0
41.99308108108107,20.996540540540536,20.996540540540536,1.0,1.0
42.04511711711711,21.022558558558554,21.022558558558554,1.0,1.0
42.09715315315315,21.048576576576576,21.048576576576576,1.0,1.0
42.14918918918919,21.074594594594593,21.074594594594593,1.0,1.0
42.20122522522522,21.10061261261261,21.10061261261261,1.0,1.0
42.25326126126126,21.12663063063063,21.12663063063063,1.0,1.0
42.305297297297294,21.152648648648647,21.152648648648647,1.0,1.0
42.35733333333333,21.178666666666665,21.178666666666665,1.0,1.0
42.409369369369365,21.204684684684683,21.204684684684683,1.0,1.0
42.4614054054054,21.2307027027027,21.2307027027027,1.0,1.0
42.51344144144144,21.25672072072072,21.25672072072072,1.0,1.0
42.56547747747747,21.282738738738736,21.282738738738736,1.0,1.0
42.61751351351351,21.308756756756754,21.308756756756754,1.0,1.0
42.669549549549544,21.334774774774772,21.334774774774772,1.0,1.0
42.72158558558558,21.36079279279279,21.36079279279279,1.0,1.0
42.773621621621615,21.386810810810807,21.386810810810807,1.0,1.0
42.82565765765765,21.412828828828825,21.412828828828825,1.0,1.0
42.877693693693686,21.438846846846843,21.438846846846843,1.0,1.0
42.92972972972972,21.46486486486486,21.46486486486486,1.0,1.0
42.98176576576576,21.49088288288288,21.49088288288288,1.0,1.0
43.03380180180179,21.516900900900897,21.516900900900897,1.0,1.0
43.08583783783783,21.542918918918915,21.542918918918915,1.0,1.0
43.137873873873865,21.568936936936932,21.568936936936932,1.0,1.0
43.18990990990991,21.594954954954954,21.594954954954954,1.0,1.0
43.24194594594594,21.62097297297297,21.62097297297297,1.0,1.0
43.29398198198198,21.64699099099099,21.64699099099099,1.0,1.0
43.346018018018015,21.673009009009007,21.673009009009007,1.0,1.0
43.39805405405405,21.699027027027025,21.699027027027025,1.0,1.0
43.450090090090086,21.725045045045043,21.725045045045043,1.0,1.0
43.50212612612612,21.75106306306306,21.75106306306306,1.0,1.0
43.55416216216216,21.77708108108108,21.77708108108108,1.0,1.0
43.60619819819819,21.803099099099096,21.803099099099096,1.0,1.0
43.65823423423423,21.829117117117114,21.829117117117114,1.0,1.0
43.710270270270264,21.855135135135132,21.855135135135132,1.0,1.0
43.7623063063063,21.88115315315315,21.88115315315315,1.0,1.0
43.814342342342336,21.907171171171168,21.907171171171168,1.0,1.0
43.86637837837837,21.933189189189186,21.933189189189186,1.0,1.0
43.91841441441441,21.959207207207204,21.959207207207204,1.0,1.0
43.97045045045044,21.98522522522522,21.98522522522522,1.0,1.0
44.02248648648648,22.011243243243243,22.011243243243236,1.0,1.0
44.074522522522514,22.037261261261257,22.037261261261257,1.0,1.0
44.12655855855855,22.063279279279275,22.063279279279275,1.0,1.0
44.178594594594585,22.089297297297293,22.089297297297293,1.0,1.0
44.23063063063063,22.115315315315314,22.115315315315314,1.0,1.0
44.282666666666664,22.141333333333332,22.141333333333332,1.0,1.0
44.3347027027027,22.16735135135135,22.16735135135135,1.0,1.0
44.386738738738735,22.193369369369368,22.193369369369368,1.0,1.0
44.43877477477477,22.219387387387386,22.219387387387386,1.0,1.0
44.49081081081081,22.245405405405403,22.245405405405403,1.0,1.0
44.54284684684684,22.27142342342342,22.27142342342342,1.0,1.0
44.59488288288288,22.297441441441435,22.297441441441443,1.0,1.0
44.646918918918914,22.323459459459457,22.323459459459457,1.0,1.0
44.69895495495495,22.349477477477475,22.349477477477475,1.0,1.0
44.750990990990985,22.375495495495493,22.375495495495493,1.0,1.0
44.80302702702702,22.40151351351351,22.40151351351351,1.0,1.0
44.85506306306306,22.42753153153153,22.42753153153153,1.0,1.0
44.90709909909909,22.453549549549546,22.453549549549546,1.0,1.0
44.95913513513513,22.479567567567564,22.479567567567564,1.0,1.0
45.01117117117116,22.50558558558558,22.50558558558558,1.0,1.0
45.0632072072072,22.5316036036036,22.5316036036036,1.0,1.0
45.115243243243235,22.557621621621614,22.55762162162162,1.0,1.0
45.16727927927927,22.583639639639635,22.583639639639635,1.0,1.0
45.219315315315306,22.609657657657653,22.609657657657653,1.0,1.0
45.27135135135134,22.63567567567567,22.63567567567567,1.0,1.0
45.323387387387385,22.661693693693692,22.661693693693692,1.0,1.0
45.37542342342342,22.68771171171171,22.68771171171171,1.0,1.0
45.427459459459456,22.713729729729728,22.713729729729728,1.0,1.0
45.47949549549549,22.739747747747746,22.739747747747746,1.0,1.0
45.53153153153153,22.765765765765764,22.765765765765764,1.0,1.0
45.58356756756756,22.79178378378378,22.79178378378378,1.0,1.0
45.6356036036036,22.8178018018018,22.8178018018018,1.0,1.0
45.687639639639634,22.843819819819817,22.843819819819817,1.0,1.0
45.73967567567567,22.869837837837835,22.869837837837835,1.0,1.0
45.791711711711706,22.895855855855853,22.895855855855853,1.0,1.0
45.84374774774774,22.92187387387387,22.92187387387387,1.0,1.0
45.89578378378378,22.94789189189189,22.94789189189189,1.0,1.0
45.94781981981981,22.973909909909906,22.973909909909906,1.0,1.0
45.99985585585585,22.999927927927924,22.999927927927924,1.0,1.0
46.051891891891884,23.025945945945942,23.025945945945942,1.0,1.0
46.10392792792792,23.05196396396396,23.05196396396396,1.0,1.0
46.155963963963956,23.077981981981978,23.077981981981978,1.0,1.0
46.20799999999999,23.103999999999996,23.103999999999996,1.0,1.0
46.26003603603603,23.130018018018013,23.130018018018013,1.0,1.0
46.31207207207206,23.15603603603603,23.15603603603603,1.0,1.0
46.364108108108105,23.182054054054053,23.182054054054053,1.0,1.0
46.41614414414414,23.20807207207207,23.20807207207207,1.0,1.0
46.46818018018018,23.23409009009009,23.23409009009009,1.0,1.0
46.52021621621621,23.260108108108106,23.260108108108106,1.0,1.0
46.57225225225225,23.286126126126124,23.286126126126124,1.0,1.0
46.624288288288284,23.312144144144142,23.312144144144142,1.0,1.0
46.67632432432432,23.33816216216216,23.33816216216216,1.0,1.0
46.728360360360355,23.364180180180178,23.364180180180178,1.0,1.0
46.78039639639639,23.390198198198195,23.390198198198195,1.0,1.0
46.83243243243243,23.416216216216213,23.416216216216213,1.0,1.0
46.88446846846846,23.44223423423423,23.44223423423423,1.0,1.0
46.9365045045045,23.46825225225225,23.46825225225225,1.0,1.0
46.988540540540534,23.494270270270267,23.494270270270267,1.0,1.0
47.04057657657657,23.520288288288285,23.520288288288285,1.0,1.0
47.092612612612605,23.546306306306303,23.546306306306303,1.0,1.0
47.14464864864864,23.57232432432432,23.57232432432432,1.0,1.0
47.196684684684676,23.598342342342338,23.598342342342338,1.0,1.0
47.24872072072071,23.624360360360356,23.624360360360356,1.0,1.0
47.30075675675675,23.650378378378374,23.650378378378374,1.0,1.0
47.35279279279278,23.67639639639639,23.67639639639639,1.0,1.0
47.40482882882882,23.70241441441441,23.70241441441441,1.0,1.0
47.45686486486486,23.72843243243243,23.72843243243243,1.0,1.0
47.5089009009009,23.75445045045045,23.75445045045045,1.0,1.0
47.56093693693693,23.780468468468463,23.78046846846847,1.0,1.0
47.61297297297297,23.806486486486484,23.806486486486484,1.0,1.0
47.665009009009005,23.832504504504502,23.832504504504502,1.0,1.0
47.71704504504504,23.85852252252252,23.85852252252252,1.0,1.0
47.769081081081076,23.884540540540538,23.884540540540538,1.0,1.0
47.82111711711711,23.910558558558556,23.910558558558556,1.0,1.0
47.87315315315315,23.936576576576574,23.936576576576574,1.0,1.0
47.92518918918918,23.96259459459459,23.96259459459459,1.0,1.0
47.97722522522522,23.98861261261261,23.98861261261261,1.0,1.0
48.029261261261254,24.014630630630627,24.014630630630627,1.0,1.0
48.08129729729729,24.040648648648645,24.040648648648645,1.0,1.0
48.133333333333326,24.066666666666663,24.066666666666663,1.0,1.0
48.18536936936936,24.09268468468468,24.09268468468468,1.0,1.0
48.2374054054054,24.1187027027027,24.1187027027027,1.0,1.0
48.28944144144143,24.144720720720716,24.144720720720716,1.0,1.0
48.34147747747747,24.170738738738734,24.170738738738734,1.0,1.0
48.393513513513504,24.196756756756752,24.196756756756752,1.0,1.0
48.44554954954954,24.22277477477477,24.22277477477477,1.0,1.0
48.49758558558558,24.24879279279279,24.24879279279279,1.0,1.0
48.54962162162162,24.27481081081081,24.27481081081081,1.0,1.0
48.601657657657654,24.300828828828827,24.300828828828827,1.0,1.0
48.65369369369369,24.326846846846845,24.326846846846845,1.0,1.0
48.705729729729725,24.352864864864863,24.352864864864863,1.0,1.0
48.75776576576576,24.37888288288288,24.37888288288288,1.0,1.0
48.8098018018018,24.4049009009009,24.4049009009009,1.0,1.0
48.86183783783783,24.430918918918916,24.430918918918916,1.0,1.0
48.91387387387387,24.456936936936934,24.456936936936934,1.0,1.0
48.965909909909904,24.482954954954952,24.482954954954952,1.0,1.0
49.01794594594594,24.50897297297297,24.50897297297297,1.0,1.0
49.069981981981975,24.534990990990988,24.534990990990988,1.0,1.0
49.12201801801801,24.561009009009005,24.561009009009005,1.0,1.0
49.17405405405405,24.587027027027023,24.587027027027023,1.0,1.0
49.22609009009008,24.61304504504504,24.61304504504504,1.0,1.0
49.27812612612612,24.63906306306306,24.63906306306306,1.0,1.0
49.33016216216215,24.665081081081077,24.665081081081077,1.0,1.0
49.38219819819819,24.691099099099095,24.691099099099095,1.0,1.0
49.434234234234225,24.717117117117112,24.717117117117112,1.0,1.0
49.48627027027026,24.74313513513513,24.74313513513513,1.0,1.0
49.538306306306296,24.769153153153148,24.769153153153148,1.0,1.0
49.59034234234234,24.79517117117117,24.79517117117117,1.0,1.0
49.642378378378375,24.821189189189187,24.821189189189187,1.0,1.0
49.69441441441441,24.847207207207205,24.847207207207205,1.0,1.0
49.746450450450446,24.873225225225223,24.873225225225223,1.0,1.0
49.79848648648648,24.89924324324324,24.89924324324324,1.0,1.0
49.85052252252252,24.92526126126126,24.92526126126126,1.0,1.0
49.90255855855855,24.951279279279277,24.951279279279277,1.0,1.0
49.95459459459459,24.977297297297294,24.977297297297294,1.0,1.0
50.006630630630625,25.003315315315312,25.003315315315312,1.0,1.0
50.05866666666666,25.02933333333333,25.02933333333333,1.0,1.0
50.110702702702696,25.055351351351348,25.055351351351348,1.0,1.0
50.16273873873873,25.081369369369366,25.081369369369366,1.0,1.0
50.21477477477477,25.107387387387384,25.107387387387384,1.0,1.0
50.2668108108108,25.1334054054054,25.1334054054054,1.0,1.0
50.31884684684684,25.15942342342342,25.15942342342342,1.0,1.0
50.370882882882874,25.185441441441437,25.185441441441437,1.0,1.0
50.42291891891891,25.211459459459455,25.211459459459455,1.0,1.0
50.474954954954946,25.237477477477473,25.237477477477473,1.0,1.0
50.52699099099098,25.26349549549549,25.26349549549549,1.0,1.0
50.57902702702702,25.28951351351351,25.28951351351351,1.0,1.0
50.63106306306306,25.31553153153153,25.31553153153153,1.0,1.0
50.683099099099095,25.341549549549548,25.341549549549548,1.0,1.0
50.73513513513513,25.367567567567566,25.367567567567566,1.0,1.0
50.78717117117117,25.393585585585583,25.393585585585583,1.0,1.0
50.8392072072072,25.4196036036036,25.4196036036036,1.0,1.0
50.89124324324324,25.44562162162162,25.44562162162162,1.0,1.0
50.943279279279274,25.471639639639637,25.471639639639637,1.0,1.0
50.99531531531531,25.497657657657655,25.497657657657655,1.0,1.0
51.047351351351345,25.523675675675673,25.523675675675673,1.0,1.0
51.09938738738738,25.54969369369369,25.54969369369369,1.0,1.0
51.15142342342342,25.57571171171171,25.57571171171171,1.0,1.0
51.20345945945945,25.601729729729726,25.601729729729726,1.0,1.0
51.25549549549549,25.627747747747744,25.627747747747744,1.0,1.0
51.307531531531524,25.653765765765762,25.653765765765762,1.0,1.0
51.35956756756756,25.67978378378378,25.67978378378378,1.0,1.0
51.411603603603595,25.705801801801798,25.705801801801798,1.0,1.0
51.46363963963963,25.731819819819815,25.731819819819815,1.0,1.0
51.515675675675666,25.757837837837833,25.757837837837833,1.0,1.0
51.5677117117117,25.78385585585585,25.78385585585585,1.0,1.0
51.61974774774774,25.80987387387387,25.80987387387387,1.0,1.0
51.67178378378377,25.835891891891887,25.835891891891887,1.0,1.0
51.723819819819816,25.861909909909908,25.861909909909908,1.0,1.0
51.77585585585585,25.887927927927926,25.887927927927926,1.0,1.0
51.82789189189189,25.913945945945944,25.913945945945944,1.0,1.0
51.87992792792792,25.93996396396396,25.93996396396396,1.0,1.0
51.93196396396396,25.96598198198198,25.96598198198198,1.0,1.0
51.983999999999995,25.991999999999997,25.991999999999997,1.0,1.0
